file	previous_id	current_id	review_basis	previous_hash	current_hash
part-08-coreai-pytorch-conversion/references/02-op-coverage-composites-and-externalization.md	callout-b40dd98b6728eccc	callout-b40dd98b6728eccc	semantic identity; changed content reviewed	52e9f67df574ca82f8fdc9f05d1e7971d39251bddf71bdb5810c673ba8592fe4	d1f3191cfa5a1cdd54d9d47e59cfe04e70b306d5a0498bc7fd1f4f15b5749d2a
part-09-coreai-compression-numerics/README.md	callout-a02f4d22012285e5	callout-a02f4d22012285e5	semantic identity; changed content reviewed	81c5982ca0cd863881bc038e15cb7fd9c429c6c3c21a841775356331ae4956dd	21ac077941240ad3fc85a065cd8185ccb0a622c63dd87c6e2058d8433790896d
part-09-coreai-compression-numerics/references/01-quantization.md	callout-c08d8ec08ad3fb80	callout-c08d8ec08ad3fb80	semantic identity; changed content reviewed	b68a2c1d5c41275c7cdf6af5a2e758b5473722ea017b09b217d819fc0e7ae1de	d94e1f9d019ced1d7682c07fd9abe91651208568164feb5615c081efce944102
part-09-coreai-compression-numerics/references/01-quantization.md	callout-26ce2ecd15211d09	callout-9914281d2dca9a32	reviewed semantic replacement; changed content reviewed	34cb64e607fe0221d8116133b6fc6a9041e4293cdcf7b91d4eba82aeaf55f120	369a4461a703927e03f12e9f51092c3f61661a1286f31c8236a3846b614b65e9
part-09-coreai-compression-numerics/references/01-quantization.md	callout-adcb96364ad38c16	callout-adcb96364ad38c16	semantic identity; changed content reviewed	e530ba53ddf7cf3e1f160d22dca507696c28df03d5e80b741cb66baef9a4be9d	c004be7b919b84963199fe10d599670c32b65e18194ebd80ba9402df6371111d
part-09-coreai-compression-numerics/references/01-quantization.md	callout-14679b1ad3f54f71	callout-14679b1ad3f54f71	semantic identity; changed content reviewed	b7a052dff87e451fb72c496493a6e78e7739e14c8e8098fcb085064027d93797	b323b473f49e434b92784c52be9602eea2745eb12ec9531db15cfe4391bd66cc
part-09-coreai-compression-numerics/references/01-quantization.md	callout-5653c9bb06e5c76f	callout-cd468f19d74e556a	reviewed semantic replacement; changed content reviewed	53661adeb2e0ebba5d9a1bef5ea96f691f7407c692b4a189364a6cdddda887d1	78452d23ebfc7540a4101bdc701a459666c7c3ec518b5995d28ccbfe9219dd25
part-09-coreai-compression-numerics/references/01-quantization.md	callout-812743f3dc824a21	callout-812743f3dc824a21	semantic identity	e6c486d0a4506c58a9e32b5d1bd62302faa2e6193050631925b2a78b7fd7a2a4	e6c486d0a4506c58a9e32b5d1bd62302faa2e6193050631925b2a78b7fd7a2a4
part-09-coreai-compression-numerics/references/01-quantization.md	callout-c2b4585f8bb19e83	callout-fd3421904d8ffe53	reviewed semantic replacement; changed content reviewed	096c06c8ebfcef76b483701d2cbd886b789c227adb0b39b2f63da90a89e37415	3ff7dde8917611d91aae47e5b2fd7f0c9fb57968af105c5c5fe13448ed5b80bc
part-09-coreai-compression-numerics/references/01-quantization.md	callout-8eb1f5c7ef281690	callout-8eb1f5c7ef281690	semantic identity; changed content reviewed	90b3a5b7d6e4ab25c894e2fd3dc7da6905758598ff8ecf99b057c2b90a7ee5b1	1980238741fc3a3cb9581717af50c9c99a0aae8b077565205d8e5971ed9fb163
part-09-coreai-compression-numerics/references/01-quantization.md	callout-ea397ad991c72b2d	callout-4650d683e51823bd	reviewed semantic replacement; changed content reviewed	ec3b99b9df49b2178f8db623756c244c52539a98a8ab052cc2ff042bb6f33b0a	0b3ce0c13d8c04122afca3d37ffa14b98d8c4491e412a9e39a0367afa5ae0b98
part-09-coreai-compression-numerics/references/01-quantization.md	callout-a2f9aedeb51d45a3	callout-496481f411415544	reviewed semantic replacement; changed content reviewed	5ff33c6dcead218468ceb6b9e7a385638235a37462ae5aa50927bb504935ac95	8fb564b68ae71b7702a49821d5827393b58f65c16ecb85dd9576b5c758bc0aa8
part-09-coreai-compression-numerics/references/01-quantization.md	callout-c6428fe65d239a7c	callout-e617c32c3b00fcf2	reviewed semantic replacement; changed content reviewed	c9ae053681dfc0d80f78a5d68cfbb6b411a95112b08d147df456daf3fe01e668	79a007032575a4f0aca617ee30498e844b7b7c6ed3f47f72f1c0f7f8280c2e13
part-09-coreai-compression-numerics/references/02-palettization-pruning-and-joint.md	callout-e6df1deca7421ac7	callout-e6df1deca7421ac7	semantic identity; changed content reviewed	9d50558bf041f88cb8dea26858b616e67605284d89259c74d60b81b93acd5200	bc2b5a98dd850cb1eef6d647d76d54417175e4bc57efe0fe74f951e9590cf677
part-09-coreai-compression-numerics/references/02-palettization-pruning-and-joint.md	callout-3a0b1784109e0098	callout-3a0b1784109e0098	semantic identity; changed content reviewed	291a7a9e8e535850b2fdc9f4b4d42e1aecd63eecb6e4261edcbfd12303edbedc	1013083bbfdbbe77811386c27277396ba11aa6ef89d9d703ffa3b51e92f1798f
part-09-coreai-compression-numerics/references/02-palettization-pruning-and-joint.md	callout-0512c385997ab7e8	callout-0512c385997ab7e8	semantic identity; changed content reviewed	82c76c09a27dea23994bf5545cbb6f8c0998457531345b72384980c3d9ef3530	93726614178e18b71866ee131050308d4d17884e8e337a16dfd4a13bf9f6bcc7
part-09-coreai-compression-numerics/references/03-numeric-formats-across-the-stack.md	callout-2a52dea7144ccf7e	callout-cf0bcc5aace9db2e	reviewed semantic replacement; changed content reviewed	1dc451c4168d5819efa5aed4f4ad9def3857078be05db6bdf1c320cd29a32bc7	2db294bb3d6cc4c2a12037502c1ade9421f4d5a3af2cdd7a0b6474b3c622f3f6
part-09-coreai-compression-numerics/references/03-numeric-formats-across-the-stack.md	callout-247dc352428d6f45	callout-6e2d65f102c56490	reviewed semantic replacement; changed content reviewed	71c0064f44189cf189bebb8a7d2a4095510fb20fc147ec6b46e41b28dd583c4f	2d5d348b18163b2f2a766a7038761321ef80af35955aa75b00ee344bb1808a3b
