reference	previous_ordinal	previous_line	section	previous_sha256	current_example_id	disposition	source	verification_scope
references/01-quantization.md	1	250	### 1.4 The relationship to `coremltools.optimize`	a1b58aafd0170ae1bc32f9d23455358f240d8e12e286adf2861504f8f43f584a	p9-01-001	retained source; current API reviewed	https://github.com/apple/coreai-optimization/blob/189612be60bc1d5cca9b73ad8811660f738c637d/pyproject.toml	runtime only when current ID appears in native JSON; otherwise static review
references/01-quantization.md	2	291	### 2.1 The minimum viable quantization	a505f3581aff886fd1a2725e65617bff28fce57153a054270dd0fb6919d3d028	p9-01-002	retained source; current API reviewed	https://github.com/apple/coreai-optimization/blob/189612be60bc1d5cca9b73ad8811660f738c637d/src/coreai_opt/quantization/	runtime only when current ID appears in native JSON; otherwise static review
references/01-quantization.md	3	308	### 2.1 The minimum viable quantization	7414359b4b8bc182160dc101f65d543399cd1d7eafc14f597c81f10c3067addf	p9-01-003	retained source; current API reviewed	https://github.com/apple/coreai-optimization/blob/189612be60bc1d5cca9b73ad8811660f738c637d/src/coreai_opt/quantization/	runtime only when current ID appears in native JSON; otherwise static review
references/01-quantization.md	4	356	### 2.2 `example_inputs` must be a tuple, and must be representative	c5c8338586830058b9f8d3127be0ee6e10b817898720626009b49e0f5a2b262e	p9-01-004	retained source; current API reviewed	https://github.com/apple/coreai-optimization/blob/189612be60bc1d5cca9b73ad8811660f738c637d/src/coreai_opt/quantization/	runtime only when current ID appears in native JSON; otherwise static review
references/01-quantization.md	5	378	### 2.3 `prepare()` mutates in place — take a copy first	9205ceaf8ddce83ba729490e9962f5deaa158f09790a39cd52d8648ee3707273	p9-01-005	retained source; current API reviewed	https://github.com/apple/coreai-optimization/blob/189612be60bc1d5cca9b73ad8811660f738c637d/src/coreai_opt/quantization/	runtime only when current ID appears in native JSON; otherwise static review
references/01-quantization.md	6	395	# float_model still has dense fp32 weights; model does not.	36fb02417db2d493eb1b9d40358e5c1eb32377ee7155d7cfb12e9c1129e35c61	p9-01-006	retained source; current API reviewed	https://github.com/apple/coreai-optimization/blob/189612be60bc1d5cca9b73ad8811660f738c637d/src/coreai_opt/quantization/	runtime only when current ID appears in native JSON; otherwise static review
references/01-quantization.md	7	414	### 2.4 Train/eval mode is handled for you on the way in, and not on the way out	3105acf5a679e77803ec23e5a1f4b6a8c582ffc68075e020e591b54ca18650ff	p9-01-007	updated for release contract	https://github.com/apple/coreai-optimization/blob/189612be60bc1d5cca9b73ad8811660f738c637d/src/coreai_opt/quantization/	runtime only when current ID appears in native JSON; otherwise static review
references/01-quantization.md	8	521	### 3.2 `presets.w4()`, expanded	6b3e8fd958d1d23271f8dfcb45f35400883fb8542349d17c4f0d9a340b04b8da	p9-01-008	retained source; current API reviewed	https://github.com/apple/coreai-optimization/blob/189612be60bc1d5cca9b73ad8811660f738c637d/src/coreai_opt/quantization/	runtime only when current ID appears in native JSON; otherwise static review
references/01-quantization.md	9	570	### 3.3 The transcript's one-liner, and the correction	f8f81ea5d2822a87d5da3aabc952bad895e8ae01ef7bb6c01e7c727eec37a455	p9-01-009	retained source; current API reviewed	https://github.com/apple/coreai-optimization/blob/189612be60bc1d5cca9b73ad8811660f738c637d/src/coreai_opt/quantization/	runtime only when current ID appears in native JSON; otherwise static review
references/01-quantization.md	10	645	### 4.1 Three levels of scope	eb4c150640fe46a2c844cd5ecd17002f5ad8c5989b386dcea05ee62602f4ba4b	p9-01-010	retained source; current API reviewed	https://github.com/apple/coreai-optimization/blob/189612be60bc1d5cca9b73ad8811660f738c637d/src/coreai_opt/quantization/	runtime only when current ID appears in native JSON; otherwise static review
references/01-quantization.md	11	665	### 4.2 Three groups of tensors	f3f73de3e768a2deada2658cd351cfe8bfff51432fb884fee73517e68acdc94e	p9-01-011	retained source; current API reviewed	https://github.com/apple/coreai-optimization/blob/189612be60bc1d5cca9b73ad8811660f738c637d/src/coreai_opt/quantization/	runtime only when current ID appears in native JSON; otherwise static review
references/01-quantization.md	12	697	### 4.2 Three groups of tensors	5b0479425a3872303c01ebd9afda16c5d4d1c315ad9bd279dce548f4615fe538	p9-01-012	retained source; current API reviewed	https://github.com/apple/coreai-optimization/blob/189612be60bc1d5cca9b73ad8811660f738c637d/src/coreai_opt/quantization/	runtime only when current ID appears in native JSON; otherwise static review
references/01-quantization.md	13	720	### 4.3 ⚠️ `None` is not the same as omitting the field	1c3891d101a5ff8d074b6a9d8633f4b7e14d49ba4fe4668adc5c9cd4c259ad3c	p9-01-013	retained source; current API reviewed	https://github.com/apple/coreai-optimization/blob/189612be60bc1d5cca9b73ad8811660f738c637d/src/coreai_opt/quantization/	runtime only when current ID appears in native JSON; otherwise static review
references/01-quantization.md	14	747	# (c) Quantize activations ONLY — weights are already compressed by something else.	6cc97f9c434cc50fa12fad5275558a5f3462fc4649dcb6cc423d8f2340cace27	p9-01-014	retained source; current API reviewed	https://github.com/apple/coreai-optimization/blob/189612be60bc1d5cca9b73ad8811660f738c637d/src/coreai_opt/quantization/	runtime only when current ID appears in native JSON; otherwise static review
references/01-quantization.md	15	775	### 4.4 Everything is `@final` and everything is frozen	0e64aee3e896159bde1daa3e337b8980e48737742433bee63020b59fa5decf71	p9-01-015	retained source; current API reviewed	https://github.com/apple/coreai-optimization/blob/189612be60bc1d5cca9b73ad8811660f738c637d/src/coreai_opt/quantization/	runtime only when current ID appears in native JSON; otherwise static review
references/01-quantization.md	16	809	### 5.1 `module_name_configs` — regex, matched with `fullmatch`	4742117ed9d67a9d5be3717a023a7a299802b9673127c3bd3c01a7665144c448	p9-01-016	retained source; current API reviewed	https://github.com/apple/coreai-optimization/blob/189612be60bc1d5cca9b73ad8811660f738c637d/src/coreai_opt/quantization/	runtime only when current ID appears in native JSON; otherwise static review
references/01-quantization.md	17	823	# RIGHT — one pattern covering the module and its whole subtree	37c4bf2bc27e0e860392ad3feecf9626fef2f025e865536a6701123dbe6e13b8	p9-01-017	retained source; current API reviewed	https://github.com/apple/coreai-optimization/blob/189612be60bc1d5cca9b73ad8811660f738c637d/src/coreai_opt/quantization/	runtime only when current ID appears in native JSON; otherwise static review
references/01-quantization.md	18	844	### 5.2 `module_type_configs` — **fully-qualified** class names only	3b3abe3d059dca55ec77bd7e1d7a4cc1b0c58ead1953c7497d3a6b2afa878160	p9-01-018	retained source; current API reviewed	https://github.com/apple/coreai-optimization/blob/189612be60bc1d5cca9b73ad8811660f738c637d/src/coreai_opt/quantization/	runtime only when current ID appears in native JSON; otherwise static review
references/01-quantization.md	19	861	# Silently matches nothing:	6a24b818e422e568616392a2301c6198376f8144a9290a5932638061c650b9e5	p9-01-019	retained source; current API reviewed	https://github.com/apple/coreai-optimization/blob/189612be60bc1d5cca9b73ad8811660f738c637d/src/coreai_opt/quantization/	runtime only when current ID appears in native JSON; otherwise static review
references/01-quantization.md	20	890	### 5.3 The chainable helpers: `only_for` and `without`	3ef20dd6694612b7974116b41dcab8d2624d567549ba1d459bb7004c6ce53a01	p9-01-020	retained source; current API reviewed	https://github.com/apple/coreai-optimization/blob/189612be60bc1d5cca9b73ad8811660f738c637d/src/coreai_opt/quantization/	runtime only when current ID appears in native JSON; otherwise static review
references/01-quantization.md	21	901	### 5.3 The chainable helpers: `only_for` and `without`	b3816796e5e1a9b86ab0495f0d7cbd29280f789deee80435bd339b4c6899e20d	p9-01-021	retained source; current API reviewed	https://github.com/apple/coreai-optimization/blob/189612be60bc1d5cca9b73ad8811660f738c637d/src/coreai_opt/quantization/	runtime only when current ID appears in native JSON; otherwise static review
references/01-quantization.md	22	923	### 5.4 YAML, and why anchors are a first-class feature	ba70d02b7f8ac01321bd90657ba7afa9bceb04e5e95b704459d4136ec0488a01	p9-01-022	retained source; current API reviewed	https://github.com/apple/coreai-optimization/blob/189612be60bc1d5cca9b73ad8811660f738c637d/src/coreai_opt/quantization/	runtime only when current ID appears in native JSON; otherwise static review
references/01-quantization.md	23	953	### 5.4 YAML, and why anchors are a first-class feature	4b5bd0ab1f9fbe20c047353206e1781eb7e86272979937a475baed33f821b14e	p9-01-023	retained source; current API reviewed	https://github.com/apple/coreai-optimization/blob/189612be60bc1d5cca9b73ad8811660f738c637d/src/coreai_opt/quantization/	runtime only when current ID appears in native JSON; otherwise static review
references/01-quantization.md	24	983	### 5.4 YAML, and why anchors are a first-class feature	5756e51f94e50a84adb06a59e622af7a6880271ebfe4418a099b327cc3b90234	p9-01-024	retained source; current API reviewed	https://github.com/apple/coreai-optimization/blob/189612be60bc1d5cca9b73ad8811660f738c637d/src/coreai_opt/quantization/	runtime only when current ID appears in native JSON; otherwise static review
references/01-quantization.md	25	988	### 5.4 YAML, and why anchors are a first-class feature	6c9a666dc46215076626e4a4dd7be9cd73664acc5be31b31376b811f2fe228bd	p9-01-025	retained source; current API reviewed	https://github.com/apple/coreai-optimization/blob/189612be60bc1d5cca9b73ad8811660f738c637d/src/coreai_opt/quantization/	runtime only when current ID appears in native JSON; otherwise static review
references/01-quantization.md	26	1010	## 6. `QuantizationSpec`: every field	4418775f8fd1cbcf7badd468a28dfcd9f162693b7634140e9a1a7ecebc4b9865	p9-01-026	retained source; current API reviewed	https://github.com/apple/coreai-optimization/blob/189612be60bc1d5cca9b73ad8811660f738c637d/src/coreai_opt/quantization/	runtime only when current ID appears in native JSON; otherwise static review
references/01-quantization.md	27	1061	### 6.2 `qscheme` — three cases, and where the third earns its keep	46ba5fd17568faed365e6ff61e3038cfdd5dcdff6769662529cd0a525331d451	p9-01-027	retained source; current API reviewed	https://github.com/apple/coreai-optimization/blob/189612be60bc1d5cca9b73ad8811660f738c637d/src/coreai_opt/quantization/	runtime only when current ID appears in native JSON; otherwise static review
references/01-quantization.md	28	1095	### 6.3 `qformulation` — ZP vs MINVAL	a9061e11f23a33d67ca2789c3bde707342689d48c3c2d7effd71644f045c07e5	p9-01-028	retained source; current API reviewed	https://github.com/apple/coreai-optimization/blob/189612be60bc1d5cca9b73ad8811660f738c637d/src/coreai_opt/quantization/	runtime only when current ID appears in native JSON; otherwise static review
references/01-quantization.md	29	1187	### 6.6 Writing your own calculator	1b2b0b1ab7595b7125acf7db58d362dd283fcc98c34646e476e566ccf3dc0136	p9-01-029	retained source; current API reviewed	https://github.com/apple/coreai-optimization/blob/189612be60bc1d5cca9b73ad8811660f738c637d/src/coreai_opt/quantization/	runtime only when current ID appears in native JSON; otherwise static review
references/01-quantization.md	30	1254	### 7.1 Three classes	d95f849dde50b75fa4af6035911ed9588cc14b9c6ef8b44b704c9efd8151ff72	p9-01-030	retained source; current API reviewed	https://github.com/apple/coreai-optimization/blob/189612be60bc1d5cca9b73ad8811660f738c637d/src/coreai_opt/quantization/	runtime only when current ID appears in native JSON; otherwise static review
references/01-quantization.md	31	1298	### 7.3 The default weight axis table	236e9c5a008d581c6653c588dbc190f93d2ada708948c338221f368677d9bcdb	p9-01-031	retained source; current API reviewed	https://github.com/apple/coreai-optimization/blob/189612be60bc1d5cca9b73ad8811660f738c637d/src/coreai_opt/quantization/	runtime only when current ID appears in native JSON; otherwise static review
references/01-quantization.md	32	1371	### 7.5 ⚠️ SILENT FAILURE — a block size your weight isn't divisible by leaves the layer uncompressed	9acfb5dae81538e123a2d33b09db53757d7eddece20b0800e9bca7541d32d758	p9-01-032	retained source; current API reviewed	https://github.com/apple/coreai-optimization/blob/189612be60bc1d5cca9b73ad8811660f738c637d/src/coreai_opt/quantization/	runtime only when current ID appears in native JSON; otherwise static review
references/01-quantization.md	33	1402	### 7.5 ⚠️ SILENT FAILURE — a block size your weight isn't divisible by leaves the layer uncompressed	89371ed8e62f4b8f2a6c0e894671219c1ced6de159cc3212b249e2558e8fcf08	p9-01-033	retained source; current API reviewed	https://github.com/apple/coreai-optimization/blob/189612be60bc1d5cca9b73ad8811660f738c637d/src/coreai_opt/quantization/	runtime only when current ID appears in native JSON; otherwise static review
references/01-quantization.md	34	1420	### 7.5 ⚠️ SILENT FAILURE — a block size your weight isn't divisible by leaves the layer uncompressed	724f3cf9118b03398e898c0e9abc80ed4ad6a2eda9fa8768821b6e47bf615f10	p9-01-034	retained source; current API reviewed	https://github.com/apple/coreai-optimization/blob/189612be60bc1d5cca9b73ad8811660f738c637d/src/coreai_opt/quantization/	runtime only when current ID appears in native JSON; otherwise static review
references/01-quantization.md	35	1428	### 7.5 ⚠️ SILENT FAILURE — a block size your weight isn't divisible by leaves the layer uncompressed	fc0d5708784077a9b23da9da03d0107b0a619a136b0ab4e684ecda3db470ae1b	p9-01-035	retained source; current API reviewed	https://github.com/apple/coreai-optimization/blob/189612be60bc1d5cca9b73ad8811660f738c637d/src/coreai_opt/quantization/	runtime only when current ID appears in native JSON; otherwise static review
references/01-quantization.md	36	1478	### 8.1 The enum	f7185ce19de22ccab092358bac87c29c7b583f032e4ff5ed70872ace03485405	p9-01-036	retained source; current API reviewed	https://github.com/apple/coreai-optimization/blob/189612be60bc1d5cca9b73ad8811660f738c637d/src/coreai_opt/quantization/	runtime only when current ID appears in native JSON; otherwise static review
references/01-quantization.md	37	1623	### 8.5 Graph-mode `prepare()`, step by step	3e7e5188e62d33b51261c13f14ed6b7a599cb9ad7afcf064076978beb83a8f9f	p9-01-037	retained source; current API reviewed	https://github.com/apple/coreai-optimization/blob/189612be60bc1d5cca9b73ad8811660f738c637d/src/coreai_opt/quantization/	runtime only when current ID appears in native JSON; otherwise static review
references/01-quantization.md	38	1696	### 8.7 How graph mode decides what to annotate	79c6f5c63d6873978986b341f712e932b1176a8d843a0b9cbaba90de8c18454e	p9-01-038	retained source; current API reviewed	https://github.com/apple/coreai-optimization/blob/189612be60bc1d5cca9b73ad8811660f738c637d/src/coreai_opt/quantization/	runtime only when current ID appears in native JSON; otherwise static review
references/01-quantization.md	39	1735	### 9.1 The two default specs	15c99d96a86c08b67623b9eb046964c5654cb3452cd2341c685378a783d3ebdc	p9-01-040	retained source; current API reviewed	https://github.com/apple/coreai-optimization/blob/189612be60bc1d5cca9b73ad8811660f738c637d/src/coreai_opt/quantization/	runtime only when current ID appears in native JSON; otherwise static review
references/01-quantization.md	40	1758	### 9.2 What `calibration_mode()` actually toggles	d4d43ea6530d51aebb4b35ae8a353412150df1ea1fc83f2ac615d51ea8f96191	p9-01-041	retained source; current API reviewed	https://github.com/apple/coreai-optimization/blob/189612be60bc1d5cca9b73ad8811660f738c637d/src/coreai_opt/quantization/	runtime only when current ID appears in native JSON; otherwise static review
references/01-quantization.md	41	1791	### 9.3 The calibration loop	c51f98a73f4ecf71f4ca1126fde98936987c591c205b3734a967248f83609b6e	p9-01-042	retained source; current API reviewed	https://github.com/apple/coreai-optimization/blob/189612be60bc1d5cca9b73ad8811660f738c637d/src/coreai_opt/quantization/	runtime only when current ID appears in native JSON; otherwise static review
references/01-quantization.md	42	1900	### 9.6 ⚠️ Shared observers and the per-channel activation constraint	ecef00389646fd5e56b00146221d598b22cbd92b48a2c8f524abd8d06a27830c	p9-01-043	retained source; current API reviewed	https://github.com/apple/coreai-optimization/blob/189612be60bc1d5cca9b73ad8811660f738c637d/src/coreai_opt/quantization/	runtime only when current ID appears in native JSON; otherwise static review
references/01-quantization.md	43	2002	### 9.7 The fake-quantize forward, and where the gradient comes from	83416314096d2c10b7181cc46ddf29a9d98e90542119a171bccedc93967fb3c8	p9-01-044	retained source; current API reviewed	https://github.com/apple/coreai-optimization/blob/189612be60bc1d5cca9b73ad8811660f738c637d/src/coreai_opt/quantization/	runtime only when current ID appears in native JSON; otherwise static review
references/01-quantization.md	44	2050	### 10.1 Data-free weight-only PTQ is the default and the right starting point	0b3ec41ee42b6e085afbe6b52f60e89cef0eadf966bca97c06a8306415fd5cf3	p9-01-045	retained source; current API reviewed	https://github.com/apple/coreai-optimization/blob/189612be60bc1d5cca9b73ad8811660f738c637d/src/coreai_opt/quantization/	runtime only when current ID appears in native JSON; otherwise static review
references/01-quantization.md	45	2123	### 10.3 Calibration-based PTQ	faff76aede15396263b4aff059091603d4cfb3e5908bd4fb96adec368813c0a0	p9-01-046	retained source; current API reviewed	https://github.com/apple/coreai-optimization/blob/189612be60bc1d5cca9b73ad8811660f738c637d/src/coreai_opt/quantization/	runtime only when current ID appears in native JSON; otherwise static review
references/01-quantization.md	46	2202	### 10.4 Joint compression: palettize first, then quantize activations	6396d423963aea262517a391ae9dddc5e1283987a88350a51a33caf20e4bd824	p9-01-047	retained source; current API reviewed	https://github.com/apple/coreai-optimization/blob/189612be60bc1d5cca9b73ad8811660f738c637d/src/coreai_opt/quantization/	runtime only when current ID appears in native JSON; otherwise static review
references/01-quantization.md	47	2248	### 11.1 The simplest form: no schedule at all	c658f2d9fd078082f9c76e6be8fe13d9ba763f0f4f4da720cc9bde9e335f2d28	p9-01-048	retained source; current API reviewed	https://github.com/apple/coreai-optimization/blob/189612be60bc1d5cca9b73ad8811660f738c637d/src/coreai_opt/quantization/	runtime only when current ID appears in native JSON; otherwise static review
references/01-quantization.md	48	2269	### 11.2 `QATSchedule`: three integers	16c84930fc7de81f37075e08a5532e948e06f6a4cd6769dc1373b7354a748222	p9-01-049	retained source; current API reviewed	https://github.com/apple/coreai-optimization/blob/189612be60bc1d5cca9b73ad8811660f738c637d/src/coreai_opt/quantization/	runtime only when current ID appears in native JSON; otherwise static review
references/01-quantization.md	49	2300	### 11.2 `QATSchedule`: three integers	c12685d09669375b030b67aad98da9c0a16662e3647ec23e48ebdb69a0277767	p9-01-050	retained source; current API reviewed	https://github.com/apple/coreai-optimization/blob/189612be60bc1d5cca9b73ad8811660f738c637d/src/coreai_opt/quantization/	runtime only when current ID appears in native JSON; otherwise static review
references/01-quantization.md	50	2367	### 11.4 The manual API, and why it is mutually exclusive	36ed2f300663f8c6565c3782af61dcec1a4b172f19cce35b771e3ee66bf1768e	p9-01-051	retained source; current API reviewed	https://github.com/apple/coreai-optimization/blob/189612be60bc1d5cca9b73ad8811660f738c637d/src/coreai_opt/quantization/	runtime only when current ID appears in native JSON; otherwise static review
references/01-quantization.md	51	2390	### 11.4 The manual API, and why it is mutually exclusive	4e368403df9bc7db70e35abfedb9e4f9c5b894fdafca4c1467bc14c9f5ce58f1	p9-01-052	retained source; current API reviewed	https://github.com/apple/coreai-optimization/blob/189612be60bc1d5cca9b73ad8811660f738c637d/src/coreai_opt/quantization/	runtime only when current ID appears in native JSON; otherwise static review
references/01-quantization.md	52	2418	### 11.5 Per-module schedules, and the two conflict rules	27bbf37f2fd271ed5601e9aff434b0370cc63a67a52b0906bf732c1a8e3dcc5c	-	replaced/removed; release guidance in current section	https://github.com/apple/coreai-optimization/blob/189612be60bc1d5cca9b73ad8811660f738c637d/src/coreai_opt/quantization/	runtime only when current ID appears in native JSON; otherwise static review
references/01-quantization.md	53	2519	## 12. KV-cache quantization (graph mode only)	7c13fe1c1ca866d4d8ecb7c97d1c088aa3b8de5374cd1a90d71b7a77bf4f58f7	p9-01-053	retained source; current API reviewed	https://github.com/apple/coreai-optimization/blob/189612be60bc1d5cca9b73ad8811660f738c637d/src/coreai_opt/quantization/	runtime only when current ID appears in native JSON; otherwise static review
references/01-quantization.md	54	2528	## 12. KV-cache quantization (graph mode only)	7804ca62baacf338cd0c0847b780621ead0eec11db1fff227a82bed072903ad4	p9-01-054	retained source; current API reviewed	https://github.com/apple/coreai-optimization/blob/189612be60bc1d5cca9b73ad8811660f738c637d/src/coreai_opt/quantization/	runtime only when current ID appears in native JSON; otherwise static review
references/01-quantization.md	55	2626	### 13.3 The one-line experiment	83fd7014dac1b5fa3aadb4300ab238f7e21128824a07ff7066cd7c9bc79e2b45	p9-01-055	retained source; current API reviewed	https://github.com/apple/coreai-optimization/blob/189612be60bc1d5cca9b73ad8811660f738c637d/src/coreai_opt/quantization/	runtime only when current ID appears in native JSON; otherwise static review
references/01-quantization.md	56	2702	### 13.5 The fix	1bb614be00f775d0a454ba2859c7b518d6119454e5c2c8748ac7de71abd28ff9	p9-01-056	retained source; current API reviewed	https://github.com/apple/coreai-optimization/blob/189612be60bc1d5cca9b73ad8811660f738c637d/src/coreai_opt/quantization/	runtime only when current ID appears in native JSON; otherwise static review
references/01-quantization.md	57	2778	### 13.6 What Apple actually shipped, which is not what the talk showed	7a175d051a8aa27efb79be0354d698d7f9d2c438a7771497fda617755b520035	p9-01-057	retained source; current API reviewed	https://github.com/apple/coreai-optimization/blob/189612be60bc1d5cca9b73ad8811660f738c637d/src/coreai_opt/quantization/	runtime only when current ID appears in native JSON; otherwise static review
references/01-quantization.md	58	2835	### 13.7 The generalisable procedure	2e3ddbda97aaeecf2120217c225e0a5b6671cc71afaa0438d61365e8f15db657	p9-01-058	retained source; current API reviewed	https://github.com/apple/coreai-optimization/blob/189612be60bc1d5cca9b73ad8811660f738c637d/src/coreai_opt/quantization/	runtime only when current ID appears in native JSON; otherwise static review
references/01-quantization.md	59	2865	### 14.1 Three functions, one recommendation	476aa7e70dfb1fc243918f0a62c3a7caa5a80ae6316d6e988bd4b79238b43c10	p9-01-059	retained source; current API reviewed	https://github.com/apple/coreai-optimization/blob/189612be60bc1d5cca9b73ad8811660f738c637d/src/coreai_opt/casting/casting.py	runtime only when current ID appears in native JSON; otherwise static review
references/01-quantization.md	60	2905	### 14.2 ⚠️ Return value vs in-place mutation — a documented conflict	5a079b5536a8574aa13c9188b656b89f2dd1ba7682d38987fa8b90a7253bdb2a	p9-01-060	retained source; current API reviewed	https://github.com/apple/coreai-optimization/blob/189612be60bc1d5cca9b73ad8811660f738c637d/src/coreai_opt/casting/casting.py	runtime only when current ID appears in native JSON; otherwise static review
references/01-quantization.md	61	2911	### 14.2 ⚠️ Return value vs in-place mutation — a documented conflict	f2eb47eb869dc1304a4115a3124195570af6d45bf7182b47053d79bee3003e9c	p9-01-061	retained source; current API reviewed	https://github.com/apple/coreai-optimization/blob/189612be60bc1d5cca9b73ad8811660f738c637d/src/coreai_opt/casting/casting.py	runtime only when current ID appears in native JSON; otherwise static review
references/01-quantization.md	62	2927	### 14.2 ⚠️ Return value vs in-place mutation — a documented conflict	8101d457744b0dda09d7f002b5e493022e6d10b2b1f6cf5e404227da3963ede7	p9-01-060	updated for release contract	https://github.com/apple/coreai-optimization/blob/189612be60bc1d5cca9b73ad8811660f738c637d/src/coreai_opt/casting/casting.py	runtime only when current ID appears in native JSON; otherwise static review
references/01-quantization.md	63	2941	### 14.3 The ordering rule: compress first, cast second	a8f98fb1103794a9e62ab960d6fc4f58a04135e86b2f759acf686dc7b93e07fa	p9-01-062	updated for release contract	https://github.com/apple/coreai-optimization/blob/189612be60bc1d5cca9b73ad8811660f738c637d/src/coreai_opt/casting/casting.py	runtime only when current ID appears in native JSON; otherwise static review
references/01-quantization.md	64	3034	### 15.1 The API	a5792a93e4bcb52cadfdee3ed1cb288dc26b12f202d805a0df07c74752f3761d	p9-01-063	retained source; current API reviewed	https://github.com/apple/coreai-optimization/blob/189612be60bc1d5cca9b73ad8811660f738c637d/src/coreai_opt/coreai_utils/passes/	runtime only when current ID appears in native JSON; otherwise static review
references/01-quantization.md	65	3056	### 15.1 The API	ac9edf9b00bc95f3b5ca22798451c9f6aff5dd6153843fd3ae58098e0b121282	p9-01-064	retained source; current API reviewed	https://github.com/apple/coreai-optimization/blob/189612be60bc1d5cca9b73ad8811660f738c637d/src/coreai_opt/coreai_utils/passes/	runtime only when current ID appears in native JSON; otherwise static review
references/01-quantization.md	66	3084	### 15.1 The API	79fd42b5d17b58c2d2922e60574d30812a153812ecdb347da5d82cffce572241	p9-01-065	retained source; current API reviewed	https://github.com/apple/coreai-optimization/blob/189612be60bc1d5cca9b73ad8811660f738c637d/src/coreai_opt/coreai_utils/passes/	runtime only when current ID appears in native JSON; otherwise static review
references/01-quantization.md	67	3105	### 15.2 What it can reach, and the size threshold	3bf62f8f3c717db9f4d886d31aaca503f876f0307af1c5a007be9417caaf424d	p9-01-066	retained source; current API reviewed	https://github.com/apple/coreai-optimization/blob/189612be60bc1d5cca9b73ad8811660f738c637d/src/coreai_opt/coreai_utils/passes/	runtime only when current ID appears in native JSON; otherwise static review
references/01-quantization.md	68	3126	### 15.3 The worked example, and Apple's caveat	b8871d81aecf0c3ba279ec82fcc74c854df1b0df2b612e541c84f94d8748f72b	p9-01-067	updated for release contract	https://github.com/apple/coreai-optimization/blob/189612be60bc1d5cca9b73ad8811660f738c637d/src/coreai_opt/coreai_utils/passes/	runtime only when current ID appears in native JSON; otherwise static review
references/01-quantization.md	69	3175	### 16.1 Three backends	8cde41ae0ae910293b578ba91fac6da2d4523ee3949130ebf559431f28cf7c28	p9-01-068	retained source; current API reviewed	https://github.com/apple/coreai-optimization/blob/189612be60bc1d5cca9b73ad8811660f738c637d/src/coreai_opt/quantization/	runtime only when current ID appears in native JSON; otherwise static review
references/01-quantization.md	70	3184	### 16.2 What CoreML cannot do	1edf4509475a8ad62c84d81d73827bd816617dbae559bc8d8d1df6637809f3cd	p9-01-069	retained source; current API reviewed	https://github.com/apple/coreai-optimization/blob/189612be60bc1d5cca9b73ad8811660f738c637d/src/coreai_opt/quantization/	runtime only when current ID appears in native JSON; otherwise static review
references/01-quantization.md	71	3203	### 16.2 What CoreML cannot do	44b2dccaed57a5b032c854728844be59494f47cd4c8f7875add1d20e579efa3e	p9-01-070	retained source; current API reviewed	https://github.com/apple/coreai-optimization/blob/189612be60bc1d5cca9b73ad8811660f738c637d/src/coreai_opt/quantization/	runtime only when current ID appears in native JSON; otherwise static review
references/01-quantization.md	72	3255	### 17.2 Diffusion quantization failures are swallowed with a warning	d996d43f2a608b3827ff4b806bd72112a0231592bb55837d3361c12fc40bc0a8	p9-01-071	retained source; current API reviewed	immutable implementation sources and dated primary sources cited in this section	runtime only when current ID appears in native JSON; otherwise static review
references/01-quantization.md	73	3273	### 17.2 Diffusion quantization failures are swallowed with a warning	30e51f3b97c6c23d93961610bf819051144a3d45903c9453c115a5b2c56a509f	p9-01-072	retained source; current API reviewed	immutable implementation sources and dated primary sources cited in this section	runtime only when current ID appears in native JSON; otherwise static review
references/01-quantization.md	74	3546	### 19.1 The five-line recipe	b5875bfb4db6a03017513873752bad4bc96e4d04b6b2c42400ade7dde130015d	p9-01-073	retained source; current API reviewed	https://github.com/apple/coreai-optimization/blob/189612be60bc1d5cca9b73ad8811660f738c637d/src/coreai_opt/quantization/	runtime only when current ID appears in native JSON; otherwise static review
references/01-quantization.md	75	3557	### 19.2 API surface	038cb3c743ddbef1d65187733151639a0a139c33d3527e13ec0a6c8decc8a456	p9-01-074	retained source; current API reviewed	https://github.com/apple/coreai-optimization/blob/189612be60bc1d5cca9b73ad8811660f738c637d/src/coreai_opt/quantization/	runtime only when current ID appears in native JSON; otherwise static review
references/01-quantization.md	76	3794	### 20.4 Freshness caution	7c8a37e6cb757ebc8b648949248b9b05fa073ae3f6e205336eb6f018add4f482	p9-01-076	updated for release contract	https://github.com/apple/coreai-optimization/blob/189612be60bc1d5cca9b73ad8811660f738c637d/CHANGELOG.md	runtime only when current ID appears in native JSON; otherwise static review
references/01-quantization.md	new	-	### 8.9 Graph-mode quantization with composite externalization	-	composite-quantization	new or replacement example	https://github.com/apple/coreai-optimization/blob/189612be60bc1d5cca9b73ad8811660f738c637d/src/coreai_opt/quantization/	runtime only when current ID appears in native JSON; otherwise static review
references/01-quantization.md	new	-	### 19.7 Small native fixtures for the 0.3.0 lifecycle	-	compression-native-fixtures	new or replacement example	https://github.com/apple/coreai-optimization/blob/189612be60bc1d5cca9b73ad8811660f738c637d/src/coreai_opt/quantization/	runtime only when current ID appears in native JSON; otherwise static review
references/02-palettization-pruning-and-joint.md	1	140	### 1.1 Two families, one API	5d7197d5ac8f253a412847d31f914bb4ed29c7bf723e3c31f1fca50b8fa2b4b4	p9-02-001	retained source; current API reviewed	https://github.com/apple/coreai-optimization/blob/189612be60bc1d5cca9b73ad8811660f738c637d/src/coreai_opt/palettization/	runtime only when current ID appears in native JSON; otherwise static review
references/02-palettization-pruning-and-joint.md	2	263	### 1.3 The strongest evidence: Apple's shipped presets split by platform	5756e51f94e50a84adb06a59e622af7a6880271ebfe4418a099b327cc3b90234	p9-02-002	retained source; current API reviewed	https://github.com/apple/coreai-optimization/blob/189612be60bc1d5cca9b73ad8811660f738c637d/src/coreai_opt/palettization/	runtime only when current ID appears in native JSON; otherwise static review
references/02-palettization-pruning-and-joint.md	3	323	### 2.1 The minimum viable palettization	2c82e7cfba1b42a4f683bec755c90024c5dac1e37cb64cf58889b5bdcb05e226	p9-02-003	retained source; current API reviewed	https://github.com/apple/coreai-optimization/blob/189612be60bc1d5cca9b73ad8811660f738c637d/src/coreai_opt/palettization/	runtime only when current ID appears in native JSON; otherwise static review
references/02-palettization-pruning-and-joint.md	4	345	### 2.1 The minimum viable palettization	9745786ce4a923e5f8f9ecc7cd63cac6015abd46982c09bb5f30fffb81f06a08	p9-02-004	retained source; current API reviewed	https://github.com/apple/coreai-optimization/blob/189612be60bc1d5cca9b73ad8811660f738c637d/src/coreai_opt/palettization/	runtime only when current ID appears in native JSON; otherwise static review
references/02-palettization-pruning-and-joint.md	5	414	### 2.2 The preset roster, and what `w4()` expands to	26fb70c6550d7a6f937b26569e1b3718d6c9135d81b9924f86a1dc21d583d1dc	p9-02-005	retained source; current API reviewed	https://github.com/apple/coreai-optimization/blob/189612be60bc1d5cca9b73ad8811660f738c637d/src/coreai_opt/palettization/	runtime only when current ID appears in native JSON; otherwise static review
references/02-palettization-pruning-and-joint.md	6	495	### 2.4 `prepare()` mutates in place, and eager mode makes that worse	4eaaac324c11a6841eb2651ebdf4a98978a9ffa6eb7b68155d3b5e020e35f3fd	p9-02-006	retained source; current API reviewed	https://github.com/apple/coreai-optimization/blob/189612be60bc1d5cca9b73ad8811660f738c637d/src/coreai_opt/palettization/	runtime only when current ID appears in native JSON; otherwise static review
references/02-palettization-pruning-and-joint.md	7	512	### 2.5 The two default state keys, and the weight-only enforcement	0870cd75585625ff002737be2c8b2a9dd36d0e3a982bb24f4cfeb667f05779c6	p9-02-007	retained source; current API reviewed	https://github.com/apple/coreai-optimization/blob/189612be60bc1d5cca9b73ad8811660f738c637d/src/coreai_opt/palettization/	runtime only when current ID appears in native JSON; otherwise static review
references/02-palettization-pruning-and-joint.md	8	589	## 3. `PalettizationSpec`: five fields, and what each one costs	44c22759f733aa0cea1607726b23268714e61fd2b57486b5093e0f47cfac82f8	p9-02-008	updated for release contract	https://github.com/apple/coreai-optimization/blob/189612be60bc1d5cca9b73ad8811660f738c637d/src/coreai_opt/palettization/	runtime only when current ID appears in native JSON; otherwise static review
references/02-palettization-pruning-and-joint.md	9	604	## 3. `PalettizationSpec`: five fields, and what each one costs	9fb34f4356238dcb5ece965ec18c70ce8bc0509b2512986235f6f87a96ad905e	p9-02-009	retained source; current API reviewed	https://github.com/apple/coreai-optimization/blob/189612be60bc1d5cca9b73ad8811660f738c637d/src/coreai_opt/palettization/	runtime only when current ID appears in native JSON; otherwise static review
references/02-palettization-pruning-and-joint.md	10	638	### 3.2 `granularity` — two classes, not three	415f772b012cec88182e2ae16872004ac77905b50b41a16b613d8c249c1ec520	p9-02-010	retained source; current API reviewed	https://github.com/apple/coreai-optimization/blob/189612be60bc1d5cca9b73ad8811660f738c637d/src/coreai_opt/palettization/	runtime only when current ID appears in native JSON; otherwise static review
references/02-palettization-pruning-and-joint.md	11	672	### 3.2 `granularity` — two classes, not three	87710cd98d3c9bae717a00c83d5751dee2daee8c973fc1108425d8cfafcbf3f4	p9-02-011	retained source; current API reviewed	https://github.com/apple/coreai-optimization/blob/189612be60bc1d5cca9b73ad8811660f738c637d/src/coreai_opt/palettization/	runtime only when current ID appears in native JSON; otherwise static review
references/02-palettization-pruning-and-joint.md	12	723	### 3.6 The two module-level fields that are not on the spec	9f036767167771c3ba68e5f8d0fa6c875f663623d7ffff237042b602908d30ae	p9-02-012	retained source; current API reviewed	https://github.com/apple/coreai-optimization/blob/189612be60bc1d5cca9b73ad8811660f738c637d/src/coreai_opt/palettization/	runtime only when current ID appears in native JSON; otherwise static review
references/02-palettization-pruning-and-joint.md	13	742	### 3.7 The config hierarchy is the same one you already know	bebda86d1a8696097dfa98f2c59549d54c3047660208be7d533e3ed98b11daee	p9-02-013	retained source; current API reviewed	https://github.com/apple/coreai-optimization/blob/189612be60bc1d5cca9b73ad8811660f738c637d/src/coreai_opt/palettization/	runtime only when current ID appears in native JSON; otherwise static review
references/02-palettization-pruning-and-joint.md	14	767	### 3.7 The config hierarchy is the same one you already know	089445c840163b792493557508635008193ffbf58ebbbc3e32fd8ec3bfccf588	p9-02-014	retained source; current API reviewed	https://github.com/apple/coreai-optimization/blob/189612be60bc1d5cca9b73ad8811660f738c637d/src/coreai_opt/palettization/	runtime only when current ID appears in native JSON; otherwise static review
references/02-palettization-pruning-and-joint.md	15	989	### 5.2 The contradiction	7a175d051a8aa27efb79be0354d698d7f9d2c438a7771497fda617755b520035	p9-02-015	retained source; current API reviewed	https://github.com/apple/coreai-optimization/blob/189612be60bc1d5cca9b73ad8811660f738c637d/src/coreai_opt/palettization/	runtime only when current ID appears in native JSON; otherwise static review
references/02-palettization-pruning-and-joint.md	16	1073	### 5.3 The rank arithmetic, and why you cannot reshape your way out	e17e8ed9765e75208cf316d4dfc81f0a3520c748ba0ed4db3ec4542a1b9e4d02	p9-02-016	retained source; current API reviewed	https://github.com/apple/coreai-optimization/blob/189612be60bc1d5cca9b73ad8811660f738c637d/src/coreai_opt/palettization/	runtime only when current ID appears in native JSON; otherwise static review
references/02-palettization-pruning-and-joint.md	17	1279	### 7.1 ⚠️ Scalar palettization is reproducible. Vector palettization is not.	cb18e693368e212b17296974c5fb8aaed229244eac0ec30481d3b86d369a4e73	p9-02-017	retained source; current API reviewed	https://github.com/apple/coreai-optimization/blob/189612be60bc1d5cca9b73ad8811660f738c637d/src/coreai_opt/palettization/	runtime only when current ID appears in native JSON; otherwise static review
references/02-palettization-pruning-and-joint.md	18	1326	### 7.2 `num_workers` — the wall-clock lever session 325 never mentions	3ae4d317e607b28e32353f2e93d243c4878e4bbb766b92e909f00d23ddbd3247	p9-02-018	retained source; current API reviewed	https://github.com/apple/coreai-optimization/blob/189612be60bc1d5cca9b73ad8811660f738c637d/src/coreai_opt/palettization/	runtime only when current ID appears in native JSON; otherwise static review
references/02-palettization-pruning-and-joint.md	19	1354	### 7.3 `enable_fast_kmeans_mode` rounds your weights, by default	6d0a7073d9b6760059c5e5540aa961e2b4bbf20c450054586d9da4f9c59870bd	p9-02-019	retained source; current API reviewed	https://github.com/apple/coreai-optimization/blob/189612be60bc1d5cca9b73ad8811660f738c637d/src/coreai_opt/palettization/	runtime only when current ID appears in native JSON; otherwise static review
references/02-palettization-pruning-and-joint.md	20	1398	### 8.1 The API	d65ecae4e3334521fa574fdc67d961600cddda96ad5b70a9566b985a82e7b530	p9-02-020	retained source; current API reviewed	https://github.com/apple/coreai-optimization/blob/189612be60bc1d5cca9b73ad8811660f738c637d/src/coreai_opt/palettization/	runtime only when current ID appears in native JSON; otherwise static review
references/02-palettization-pruning-and-joint.md	21	1415	# Collect sensitivities and RE-CLUSTER using them.	8624fd803834982fa18190b72cee49f5ebec6f311adbf51ed0308554236e4ded	p9-02-021	retained source; current API reviewed	https://github.com/apple/coreai-optimization/blob/189612be60bc1d5cca9b73ad8811660f738c637d/src/coreai_opt/palettization/	runtime only when current ID appears in native JSON; otherwise static review
references/02-palettization-pruning-and-joint.md	22	1421	# Collect sensitivities and RE-CLUSTER using them.	7e38cad3ae298fc046d55c32d094b26c7f48d9810df257166712f62d39b452a7	p9-02-022	retained source; current API reviewed	https://github.com/apple/coreai-optimization/blob/189612be60bc1d5cca9b73ad8811660f738c637d/src/coreai_opt/palettization/	runtime only when current ID appears in native JSON; otherwise static review
references/02-palettization-pruning-and-joint.md	23	1531	### 9.2 The constraints	0ba46e20409cee4f4a92e63d093d5d7b87085b97254ef332d4ce9434bda52063	p9-02-023	retained source; current API reviewed	https://github.com/apple/coreai-optimization/blob/189612be60bc1d5cca9b73ad8811660f738c637d/src/coreai_opt/palettization/	runtime only when current ID appears in native JSON; otherwise static review
references/02-palettization-pruning-and-joint.md	24	1566	### 9.3 The CoreML restriction	795ac454ec560bd384040945a154a6469a5145be1ae19c07fce0738815dd5f03	p9-02-024	retained source; current API reviewed	https://github.com/apple/coreai-optimization/blob/189612be60bc1d5cca9b73ad8811660f738c637d/src/coreai_opt/palettization/	runtime only when current ID appears in native JSON; otherwise static review
references/02-palettization-pruning-and-joint.md	25	1648	### 10.4 The full export chain, end to end	2ea092c6c69e50222da88b8ab5b8b33bac92e30d6dd7fb4af20b4cc479383b79	p9-02-025	updated for release contract	https://github.com/apple/coreai-optimization/blob/189612be60bc1d5cca9b73ad8811660f738c637d/src/coreai_opt/palettization/	runtime only when current ID appears in native JSON; otherwise static review
references/02-palettization-pruning-and-joint.md	26	1750	### 11.2 The API	579da3b206a02d4a79d62f1a13e7c34a503894025fa4c73137eccd5c4c8de4d1	p9-02-026	retained source; current API reviewed	https://github.com/apple/coreai-optimization/blob/189612be60bc1d5cca9b73ad8811660f738c637d/src/coreai_opt/pruning/	runtime only when current ID appears in native JSON; otherwise static review
references/02-palettization-pruning-and-joint.md	27	1773	### 11.3 `PruningSpec` and the two schemes	562e53e07f4dd1b8684d70d2e193eaa91d0336582ed2f1ad642a73258b8b3ab0	p9-02-027	retained source; current API reviewed	https://github.com/apple/coreai-optimization/blob/189612be60bc1d5cca9b73ad8811660f738c637d/src/coreai_opt/pruning/	runtime only when current ID appears in native JSON; otherwise static review
references/02-palettization-pruning-and-joint.md	28	1780	### 11.3 `PruningSpec` and the two schemes	dd7c936e059cafbc501ee22a31d41a38b30a5e0955b5c697e4587f9bad7ff824	p9-02-028	retained source; current API reviewed	https://github.com/apple/coreai-optimization/blob/189612be60bc1d5cca9b73ad8811660f738c637d/src/coreai_opt/pruning/	runtime only when current ID appears in native JSON; otherwise static review
references/02-palettization-pruning-and-joint.md	29	1850	### 11.4 ⚠️ Realized sparsity rounds *down*, and it can round to zero	3c3b06217d6f6c08ffcd986b937382a808efb3c0e3330f5b67d5bb7d04a0c4ef	p9-02-029	retained source; current API reviewed	https://github.com/apple/coreai-optimization/blob/189612be60bc1d5cca9b73ad8811660f738c637d/src/coreai_opt/pruning/	runtime only when current ID appears in native JSON; otherwise static review
references/02-palettization-pruning-and-joint.md	30	1865	### 11.5 Schedules	f97a36cbec74b93a4d3b23d13c16458b585309411281a16fdbc5412c7d919fcd	p9-02-030	retained source; current API reviewed	https://github.com/apple/coreai-optimization/blob/189612be60bc1d5cca9b73ad8811660f738c637d/src/coreai_opt/pruning/	runtime only when current ID appears in native JSON; otherwise static review
references/02-palettization-pruning-and-joint.md	31	1920	### 11.6 The fine-tuning loop	1e2f9fb60d31d93ae4304ff3233c20335b7cd4bd9e0cf1f8f778b91356dd10e6	p9-02-031	retained source; current API reviewed	https://github.com/apple/coreai-optimization/blob/189612be60bc1d5cca9b73ad8811660f738c637d/src/coreai_opt/pruning/	runtime only when current ID appears in native JSON; otherwise static review
references/02-palettization-pruning-and-joint.md	32	1958	### 11.7 Configuration	a18a27e1167243e765a1bba687c0af2b8dd2892994dc60bb993e22663ce6e724	p9-02-032	retained source; current API reviewed	https://github.com/apple/coreai-optimization/blob/189612be60bc1d5cca9b73ad8811660f738c637d/src/coreai_opt/pruning/	runtime only when current ID appears in native JSON; otherwise static review
references/02-palettization-pruning-and-joint.md	33	1977	### 11.7 Configuration	882ab37ad0694db780e51c7a85fa2e9448b0142af557f713804ed7895ff5f296	p9-02-033	retained source; current API reviewed	https://github.com/apple/coreai-optimization/blob/189612be60bc1d5cca9b73ad8811660f738c637d/src/coreai_opt/pruning/	runtime only when current ID appears in native JSON; otherwise static review
references/02-palettization-pruning-and-joint.md	34	2034	## 12. Program-level compression: `palettize_weights` and `sparsify_weights`	b292495b9e11943ae5f917c1e09dea7536da03c09f52618a455406feb8f9fe00	p9-02-034	retained source; current API reviewed	https://github.com/apple/coreai-optimization/blob/189612be60bc1d5cca9b73ad8811660f738c637d/src/coreai_opt/palettization/	runtime only when current ID appears in native JSON; otherwise static review
references/02-palettization-pruning-and-joint.md	35	2038	## 12. Program-level compression: `palettize_weights` and `sparsify_weights`	fb6e222c1c65161867f7999d6d7edf7c2bdfea1516d41c94cd68fc0234b69faf	p9-02-035	retained source; current API reviewed	https://github.com/apple/coreai-optimization/blob/189612be60bc1d5cca9b73ad8811660f738c637d/src/coreai_opt/palettization/	runtime only when current ID appears in native JSON; otherwise static review
references/02-palettization-pruning-and-joint.md	36	2055	## 12. Program-level compression: `palettize_weights` and `sparsify_weights`	3bf62f8f3c717db9f4d886d31aaca503f876f0307af1c5a007be9417caaf424d	p9-02-036	retained source; current API reviewed	https://github.com/apple/coreai-optimization/blob/189612be60bc1d5cca9b73ad8811660f738c637d/src/coreai_opt/palettization/	runtime only when current ID appears in native JSON; otherwise static review
references/02-palettization-pruning-and-joint.md	37	2070	### 12.1 `palettize_weights`	c44ab0e96988b5a46ec24713fd25160c34db40402d097f5794ea990d7176b30a	p9-02-037	retained source; current API reviewed	https://github.com/apple/coreai-optimization/blob/189612be60bc1d5cca9b73ad8811660f738c637d/src/coreai_opt/coreai_utils/passes/	runtime only when current ID appears in native JSON; otherwise static review
references/02-palettization-pruning-and-joint.md	38	2106	### 12.1 `palettize_weights`	b1d61e433d18ab31a695b219e65296f32e5a9504fc91dc573e07e574d5d28bbf	p9-02-038	updated for release contract	https://github.com/apple/coreai-optimization/blob/189612be60bc1d5cca9b73ad8811660f738c637d/src/coreai_opt/coreai_utils/passes/	runtime only when current ID appears in native JSON; otherwise static review
references/02-palettization-pruning-and-joint.md	39	2139	### 12.2 `sparsify_weights` — the pruning features the PyTorch path does not have	373536695fc86a283b8b12269789eec5c7ef7925836ae78794fd90535d2faa67	p9-02-039	retained source; current API reviewed	https://github.com/apple/coreai-optimization/blob/189612be60bc1d5cca9b73ad8811660f738c637d/src/coreai_opt/coreai_utils/passes/	runtime only when current ID appears in native JSON; otherwise static review
references/02-palettization-pruning-and-joint.md	40	2234	### 13.2 The complete flow	aa62e134c1acefa6f3e0b75318f9f556d2da2c88bfe231820bba92fa2642c6f1	p9-02-040	retained source; current API reviewed	https://github.com/apple/coreai-optimization/blob/189612be60bc1d5cca9b73ad8811660f738c637d/src/coreai_opt/palettization/	runtime only when current ID appears in native JSON; otherwise static review
references/02-palettization-pruning-and-joint.md	41	2462	### 14.3 Writing the sweep yourself	7cc700042b9b6b936c3df91ee9426f447f4630e9a089be27643f6a6c4182639d	p9-02-041	retained source; current API reviewed	https://github.com/apple/coreai-optimization/blob/189612be60bc1d5cca9b73ad8811660f738c637d/docs/src/utils/mixed_precision.md	runtime only when current ID appears in native JSON; otherwise static review
references/02-palettization-pruning-and-joint.md	42	2586	### 14.3 Writing the sweep yourself	b0816fb9afac5179dc3560e86fabc4e33f5c3e846fb7346e29fd7a5839272292	p9-02-042	retained source; current API reviewed	https://github.com/apple/coreai-optimization/blob/189612be60bc1d5cca9b73ad8811660f738c637d/docs/src/utils/mixed_precision.md	runtime only when current ID appears in native JSON; otherwise static review
references/02-palettization-pruning-and-joint.md	43	2688	# mixed_4bit_8bit.yaml — anchors live under palettization_spec, config under kmeans_palettization_config	9c8f26d1b44a0f53f74ce089a19e425670ca86192a181bbb33ad387fa0fc8869	p9-02-043	retained source; current API reviewed	https://github.com/apple/coreai-optimization/blob/189612be60bc1d5cca9b73ad8811660f738c637d/src/coreai_opt/palettization/	runtime only when current ID appears in native JSON; otherwise static review
references/02-palettization-pruning-and-joint.md	44	2742	### 15.1 The SAM3 diagnosis, and why it belongs here	cfa675223c1a5d2998b5b3380639e511802034a423f6d1777db5c5240e1d9392	p9-02-044	retained source; current API reviewed	https://github.com/apple/coreai-optimization/blob/189612be60bc1d5cca9b73ad8811660f738c637d/src/coreai_opt/inspection/	runtime only when current ID appears in native JSON; otherwise static review
references/02-palettization-pruning-and-joint.md	45	2984	### 16.3 Using them	c080176ab1ab83a36e3a81e7629807da1e2911b1c29d171b4131d007e7e0611e	p9-02-045	retained source; current API reviewed	dated primary model/benchmark sources cited in this section; measurements retained	runtime only when current ID appears in native JSON; otherwise static review
references/02-palettization-pruning-and-joint.md	46	3384	### 19.1 A group size your weight is not divisible by leaves the layer uncompressed	323539ce7d93b6bd17e9a1032e25c6a3582d912014925894fad7e3265c2b6a62	p9-02-046	retained source; current API reviewed	https://github.com/apple/coreai-optimization/blob/189612be60bc1d5cca9b73ad8811660f738c637d/src/coreai_opt/palettization/	runtime only when current ID appears in native JSON; otherwise static review
references/02-palettization-pruning-and-joint.md	47	3523	### 21.1 Imports	4dc92ff89a08a633c076f4696e05a7b4391a732abf9b511ff9855881a8e6f457	p9-02-047	updated for release contract	https://github.com/apple/coreai-optimization/blob/189612be60bc1d5cca9b73ad8811660f738c637d/src/coreai_opt/palettization/	runtime only when current ID appears in native JSON; otherwise static review
references/02-palettization-pruning-and-joint.md	48	3574	### 21.3 Field cheat-sheet	155a6c6280e40160db2e62cfb340fa903756df4f14a0b0a2a395e11099e2fb7f	p9-02-048	updated for release contract	https://github.com/apple/coreai-optimization/blob/189612be60bc1d5cca9b73ad8811660f738c637d/src/coreai_opt/palettization/	runtime only when current ID appears in native JSON; otherwise static review
references/03-numeric-formats-across-the-stack.md	1	256	### 2.1 What Apple said on stage, and what the source actually supports	7ebb260f34b98a0a047af703fc9bb870c628a7135281fd7cc5b1d274f0659ca1	p9-03-001	retained source; current API reviewed	189612be numeric specs; b51fd006 converter; unchanged SDK/Metal/MLX sources pinned in guide section	runtime only when current ID appears in native JSON; otherwise static review
references/03-numeric-formats-across-the-stack.md	2	359	### 2.4 Granularity: the second axis of the emit set	28439f1617be2f877d39730f0546bf3652b1f97c04c36b4129941be5351c988e	p9-03-002	retained source; current API reviewed	189612be numeric specs; b51fd006 converter; unchanged SDK/Metal/MLX sources pinned in guide section	runtime only when current ID appears in native JSON; otherwise static review
references/03-numeric-formats-across-the-stack.md	3	394	### 2.5 Palettization: a different vocabulary for a different mechanism	561619ac31261322d8599d800ba6424e3c2373c50fa815da4b3a5d2a55e2a82c	p9-03-003	updated for release contract	189612be numeric specs; b51fd006 converter; unchanged SDK/Metal/MLX sources pinned in guide section	runtime only when current ID appears in native JSON; otherwise static review
references/03-numeric-formats-across-the-stack.md	4	449	### 2.6 The MLIR-level emit set is not the same as the PyTorch-level one	183d1bc87f7597096ef1f47991ed803d34217baf0f15afae092c20fc9e0174aa	p9-03-004	retained source; current API reviewed	189612be numeric specs; b51fd006 converter; unchanged SDK/Metal/MLX sources pinned in guide section	runtime only when current ID appears in native JSON; otherwise static review
references/03-numeric-formats-across-the-stack.md	5	470	### 2.6 The MLIR-level emit set is not the same as the PyTorch-level one	45bbc07a243c6d03d43c7438dbc07c59985a6f0da9cdc608e96aa24f6e233825	p9-03-005	retained source; current API reviewed	189612be numeric specs; b51fd006 converter; unchanged SDK/Metal/MLX sources pinned in guide section	runtime only when current ID appears in native JSON; otherwise static review
references/03-numeric-formats-across-the-stack.md	6	517	### 2.7 ⚠️ SILENT FAILURE — a block size your weight doesn't divide by leaves the layer at full precision	fd3cf1bca194853634971416fae9f09771ad4eb5cd5d300374fa67c12eb26c48	p9-03-006	retained source; current API reviewed	189612be numeric specs; b51fd006 converter; unchanged SDK/Metal/MLX sources pinned in guide section	runtime only when current ID appears in native JSON; otherwise static review
references/03-numeric-formats-across-the-stack.md	7	535	#    (Apple's skill ships check_divisibility(); this is the same test written out.)	b36dc973d11232692e11682f7ff7d7fb857c2f58994c3653533fa2e5067baf3e	p9-03-007	retained source; current API reviewed	189612be numeric specs; b51fd006 converter; unchanged SDK/Metal/MLX sources pinned in guide section	runtime only when current ID appears in native JSON; otherwise static review
references/03-numeric-formats-across-the-stack.md	8	563	### 2.8 The CoreML export backend is a strictly smaller set — and it rejects at `finalize()`	1edf4509475a8ad62c84d81d73827bd816617dbae559bc8d8d1df6637809f3cd	p9-03-008	retained source; current API reviewed	189612be numeric specs; b51fd006 converter; unchanged SDK/Metal/MLX sources pinned in guide section	runtime only when current ID appears in native JSON; otherwise static review
references/03-numeric-formats-across-the-stack.md	9	599	### 2.9 Casting is not compression, and the order matters	4b301a89d775482abffe656402098f63f9f197469d3b82d181e0247efe915cef	p9-03-009	retained source; current API reviewed	189612be numeric specs; b51fd006 converter; unchanged SDK/Metal/MLX sources pinned in guide section	runtime only when current ID appears in native JSON; otherwise static review
references/03-numeric-formats-across-the-stack.md	10	848	### 3.4 Where each `coreai-opt` dtype lands in the store set	f642292b0106df1159047f6b517279896b750205dc3d22493872f0219b8a2e6b	p9-03-010	retained source; current API reviewed	189612be numeric specs; b51fd006 converter; unchanged SDK/Metal/MLX sources pinned in guide section	runtime only when current ID appears in native JSON; otherwise static review
references/03-numeric-formats-across-the-stack.md	11	870	### 3.5 ⚠️ 64-bit types are narrowed on the way in	64dcc170ddb4f94ad44c74e22f3eeab82da0193369f9c75273fca20ed6e7da0a	p9-03-011	retained source; current API reviewed	189612be numeric specs; b51fd006 converter; unchanged SDK/Metal/MLX sources pinned in guide section	runtime only when current ID appears in native JSON; otherwise static review
references/03-numeric-formats-across-the-stack.md	12	883	### 3.5 ⚠️ 64-bit types are narrowed on the way in	6338eb2bf6022af524118d5f91bc7db30acf1e9ef00ea0b2f14b4adf088bfed1	p9-03-012	retained source; current API reviewed	189612be numeric specs; b51fd006 converter; unchanged SDK/Metal/MLX sources pinned in guide section	runtime only when current ID appears in native JSON; otherwise static review
references/03-numeric-formats-across-the-stack.md	13	975	### 4.2 ⚠️ SILENT FAILURE — a bare Python float literal can move an op to the GPU	19c1cb0d62dce7bbac480921b2d03d82a049a3ebc5a8489a0a1db43a735d2289	p9-03-013	retained source; current API reviewed	189612be numeric specs; b51fd006 converter; unchanged SDK/Metal/MLX sources pinned in guide section	runtime only when current ID appears in native JSON; otherwise static review
references/03-numeric-formats-across-the-stack.md	14	1062	### 4.5 The iOS/ANE export recipe, as Apple ships it	5756e51f94e50a84adb06a59e622af7a6880271ebfe4418a099b327cc3b90234	p9-03-014	retained source; current API reviewed	189612be numeric specs; b51fd006 converter; unchanged SDK/Metal/MLX sources pinned in guide section	runtime only when current ID appears in native JSON; otherwise static review
references/03-numeric-formats-across-the-stack.md	15	1067	### 4.5 The iOS/ANE export recipe, as Apple ships it	f1db16cfe441d870daffff295c56eb01f2fcd6d3d4ce869f0a184508be568bf5	p9-03-015	retained source; current API reviewed	189612be numeric specs; b51fd006 converter; unchanged SDK/Metal/MLX sources pinned in guide section	runtime only when current ID appears in native JSON; otherwise static review
references/03-numeric-formats-across-the-stack.md	16	1079	### 4.5 The iOS/ANE export recipe, as Apple ships it	51ee0cb963b86e8a771172d26020b562a07e2ef437e1aecbd1dcc7ed11a77887	p9-03-016	retained source; current API reviewed	189612be numeric specs; b51fd006 converter; unchanged SDK/Metal/MLX sources pinned in guide section	runtime only when current ID appears in native JSON; otherwise static review
references/03-numeric-formats-across-the-stack.md	17	1447	### 6.1 The modes table, verbatim	bdde64ca0876dabc980f6554b2169425c3d8eb734d54b2208b759703eb727f81	p9-03-017	retained source; current API reviewed	189612be numeric specs; b51fd006 converter; unchanged SDK/Metal/MLX sources pinned in guide section	runtime only when current ID appears in native JSON; otherwise static review
references/03-numeric-formats-across-the-stack.md	18	1507	### 6.3 Python signatures	65bdeb013b2d4a83bed2b2ee5635815c65c0e87d53cc3ae25bd8cf618c3ed189	p9-03-018	retained source; current API reviewed	189612be numeric specs; b51fd006 converter; unchanged SDK/Metal/MLX sources pinned in guide section	runtime only when current ID appears in native JSON; otherwise static review
