reference	id	line	reviewed_sha256	current_sha256	disposition
references/01-quantization.md	p9-01-001	257	a1b58aafd0170ae1bc32f9d23455358f240d8e12e286adf2861504f8f43f584a	a1b58aafd0170ae1bc32f9d23455358f240d8e12e286adf2861504f8f43f584a	unchanged
references/01-quantization.md	p9-01-002	299	a505f3581aff886fd1a2725e65617bff28fce57153a054270dd0fb6919d3d028	a505f3581aff886fd1a2725e65617bff28fce57153a054270dd0fb6919d3d028	unchanged
references/01-quantization.md	p9-01-003	317	7414359b4b8bc182160dc101f65d543399cd1d7eafc14f597c81f10c3067addf	7414359b4b8bc182160dc101f65d543399cd1d7eafc14f597c81f10c3067addf	unchanged
references/01-quantization.md	p9-01-004	366	c5c8338586830058b9f8d3127be0ee6e10b817898720626009b49e0f5a2b262e	c5c8338586830058b9f8d3127be0ee6e10b817898720626009b49e0f5a2b262e	unchanged
references/01-quantization.md	p9-01-005	389	9205ceaf8ddce83ba729490e9962f5deaa158f09790a39cd52d8648ee3707273	9205ceaf8ddce83ba729490e9962f5deaa158f09790a39cd52d8648ee3707273	unchanged
references/01-quantization.md	p9-01-006	407	36fb02417db2d493eb1b9d40358e5c1eb32377ee7155d7cfb12e9c1129e35c61	36fb02417db2d493eb1b9d40358e5c1eb32377ee7155d7cfb12e9c1129e35c61	unchanged
references/01-quantization.md	p9-01-007	427	ce85b5cebce37b7bfb4be1a67d5fe7cce98553b2ae8b8a14eeac0385ee2e99e7	ce85b5cebce37b7bfb4be1a67d5fe7cce98553b2ae8b8a14eeac0385ee2e99e7	unchanged
references/01-quantization.md	p9-01-008	522	6b3e8fd958d1d23271f8dfcb45f35400883fb8542349d17c4f0d9a340b04b8da	6b3e8fd958d1d23271f8dfcb45f35400883fb8542349d17c4f0d9a340b04b8da	unchanged
references/01-quantization.md	p9-01-009	572	f8f81ea5d2822a87d5da3aabc952bad895e8ae01ef7bb6c01e7c727eec37a455	f8f81ea5d2822a87d5da3aabc952bad895e8ae01ef7bb6c01e7c727eec37a455	unchanged
references/01-quantization.md	p9-01-010	648	eb4c150640fe46a2c844cd5ecd17002f5ad8c5989b386dcea05ee62602f4ba4b	eb4c150640fe46a2c844cd5ecd17002f5ad8c5989b386dcea05ee62602f4ba4b	unchanged
references/01-quantization.md	p9-01-011	669	f3f73de3e768a2deada2658cd351cfe8bfff51432fb884fee73517e68acdc94e	f3f73de3e768a2deada2658cd351cfe8bfff51432fb884fee73517e68acdc94e	unchanged
references/01-quantization.md	p9-01-012	702	5b0479425a3872303c01ebd9afda16c5d4d1c315ad9bd279dce548f4615fe538	5b0479425a3872303c01ebd9afda16c5d4d1c315ad9bd279dce548f4615fe538	unchanged
references/01-quantization.md	p9-01-013	726	1c3891d101a5ff8d074b6a9d8633f4b7e14d49ba4fe4668adc5c9cd4c259ad3c	1c3891d101a5ff8d074b6a9d8633f4b7e14d49ba4fe4668adc5c9cd4c259ad3c	unchanged
references/01-quantization.md	p9-01-014	754	6cc97f9c434cc50fa12fad5275558a5f3462fc4649dcb6cc423d8f2340cace27	6cc97f9c434cc50fa12fad5275558a5f3462fc4649dcb6cc423d8f2340cace27	unchanged
references/01-quantization.md	p9-01-015	783	0e64aee3e896159bde1daa3e337b8980e48737742433bee63020b59fa5decf71	0e64aee3e896159bde1daa3e337b8980e48737742433bee63020b59fa5decf71	unchanged
references/01-quantization.md	p9-01-016	818	4742117ed9d67a9d5be3717a023a7a299802b9673127c3bd3c01a7665144c448	4742117ed9d67a9d5be3717a023a7a299802b9673127c3bd3c01a7665144c448	unchanged
references/01-quantization.md	p9-01-017	833	37c4bf2bc27e0e860392ad3feecf9626fef2f025e865536a6701123dbe6e13b8	37c4bf2bc27e0e860392ad3feecf9626fef2f025e865536a6701123dbe6e13b8	unchanged
references/01-quantization.md	p9-01-018	855	3b3abe3d059dca55ec77bd7e1d7a4cc1b0c58ead1953c7497d3a6b2afa878160	3b3abe3d059dca55ec77bd7e1d7a4cc1b0c58ead1953c7497d3a6b2afa878160	unchanged
references/01-quantization.md	p9-01-019	873	6a24b818e422e568616392a2301c6198376f8144a9290a5932638061c650b9e5	6a24b818e422e568616392a2301c6198376f8144a9290a5932638061c650b9e5	unchanged
references/01-quantization.md	p9-01-020	903	3ef20dd6694612b7974116b41dcab8d2624d567549ba1d459bb7004c6ce53a01	3ef20dd6694612b7974116b41dcab8d2624d567549ba1d459bb7004c6ce53a01	unchanged
references/01-quantization.md	p9-01-021	915	b3816796e5e1a9b86ab0495f0d7cbd29280f789deee80435bd339b4c6899e20d	b3816796e5e1a9b86ab0495f0d7cbd29280f789deee80435bd339b4c6899e20d	unchanged
references/01-quantization.md	p9-01-022	938	ba70d02b7f8ac01321bd90657ba7afa9bceb04e5e95b704459d4136ec0488a01	ba70d02b7f8ac01321bd90657ba7afa9bceb04e5e95b704459d4136ec0488a01	unchanged
references/01-quantization.md	p9-01-023	969	4b5bd0ab1f9fbe20c047353206e1781eb7e86272979937a475baed33f821b14e	4b5bd0ab1f9fbe20c047353206e1781eb7e86272979937a475baed33f821b14e	unchanged
references/01-quantization.md	p9-01-024	1000	5756e51f94e50a84adb06a59e622af7a6880271ebfe4418a099b327cc3b90234	5756e51f94e50a84adb06a59e622af7a6880271ebfe4418a099b327cc3b90234	unchanged
references/01-quantization.md	p9-01-025	1006	6c9a666dc46215076626e4a4dd7be9cd73664acc5be31b31376b811f2fe228bd	6c9a666dc46215076626e4a4dd7be9cd73664acc5be31b31376b811f2fe228bd	unchanged
references/01-quantization.md	p9-01-026	1029	4418775f8fd1cbcf7badd468a28dfcd9f162693b7634140e9a1a7ecebc4b9865	4418775f8fd1cbcf7badd468a28dfcd9f162693b7634140e9a1a7ecebc4b9865	unchanged
references/01-quantization.md	p9-01-027	1081	46ba5fd17568faed365e6ff61e3038cfdd5dcdff6769662529cd0a525331d451	46ba5fd17568faed365e6ff61e3038cfdd5dcdff6769662529cd0a525331d451	unchanged
references/01-quantization.md	p9-01-028	1116	a9061e11f23a33d67ca2789c3bde707342689d48c3c2d7effd71644f045c07e5	a9061e11f23a33d67ca2789c3bde707342689d48c3c2d7effd71644f045c07e5	unchanged
references/01-quantization.md	p9-01-029	1209	1b2b0b1ab7595b7125acf7db58d362dd283fcc98c34646e476e566ccf3dc0136	1b2b0b1ab7595b7125acf7db58d362dd283fcc98c34646e476e566ccf3dc0136	unchanged
references/01-quantization.md	p9-01-030	1277	d95f849dde50b75fa4af6035911ed9588cc14b9c6ef8b44b704c9efd8151ff72	d95f849dde50b75fa4af6035911ed9588cc14b9c6ef8b44b704c9efd8151ff72	unchanged
references/01-quantization.md	p9-01-031	1322	236e9c5a008d581c6653c588dbc190f93d2ada708948c338221f368677d9bcdb	236e9c5a008d581c6653c588dbc190f93d2ada708948c338221f368677d9bcdb	unchanged
references/01-quantization.md	p9-01-032	1396	9acfb5dae81538e123a2d33b09db53757d7eddece20b0800e9bca7541d32d758	9acfb5dae81538e123a2d33b09db53757d7eddece20b0800e9bca7541d32d758	unchanged
references/01-quantization.md	p9-01-033	1428	89371ed8e62f4b8f2a6c0e894671219c1ced6de159cc3212b249e2558e8fcf08	89371ed8e62f4b8f2a6c0e894671219c1ced6de159cc3212b249e2558e8fcf08	unchanged
references/01-quantization.md	p9-01-034	1448	724f3cf9118b03398e898c0e9abc80ed4ad6a2eda9fa8768821b6e47bf615f10	724f3cf9118b03398e898c0e9abc80ed4ad6a2eda9fa8768821b6e47bf615f10	unchanged
references/01-quantization.md	p9-01-035	1457	fc0d5708784077a9b23da9da03d0107b0a619a136b0ab4e684ecda3db470ae1b	fc0d5708784077a9b23da9da03d0107b0a619a136b0ab4e684ecda3db470ae1b	unchanged
references/01-quantization.md	p9-01-036	1508	f7185ce19de22ccab092358bac87c29c7b583f032e4ff5ed70872ace03485405	f7185ce19de22ccab092358bac87c29c7b583f032e4ff5ed70872ace03485405	unchanged
references/01-quantization.md	p9-01-037	1646	3e7e5188e62d33b51261c13f14ed6b7a599cb9ad7afcf064076978beb83a8f9f	3e7e5188e62d33b51261c13f14ed6b7a599cb9ad7afcf064076978beb83a8f9f	unchanged
references/01-quantization.md	p9-01-038	1720	79c6f5c63d6873978986b341f712e932b1176a8d843a0b9cbaba90de8c18454e	79c6f5c63d6873978986b341f712e932b1176a8d843a0b9cbaba90de8c18454e	unchanged
references/01-quantization.md	composite-quantization	1761	a7803170335cc06df138f4df91b2695dcc3f633a0bc15a867b1cacaddd028437	a7803170335cc06df138f4df91b2695dcc3f633a0bc15a867b1cacaddd028437	unchanged
references/01-quantization.md	p9-01-040	1832	15c99d96a86c08b67623b9eb046964c5654cb3452cd2341c685378a783d3ebdc	15c99d96a86c08b67623b9eb046964c5654cb3452cd2341c685378a783d3ebdc	unchanged
references/01-quantization.md	p9-01-041	1856	d4d43ea6530d51aebb4b35ae8a353412150df1ea1fc83f2ac615d51ea8f96191	d4d43ea6530d51aebb4b35ae8a353412150df1ea1fc83f2ac615d51ea8f96191	unchanged
references/01-quantization.md	p9-01-042	1890	c51f98a73f4ecf71f4ca1126fde98936987c591c205b3734a967248f83609b6e	c51f98a73f4ecf71f4ca1126fde98936987c591c205b3734a967248f83609b6e	unchanged
references/01-quantization.md	p9-01-043	1991	ecef00389646fd5e56b00146221d598b22cbd92b48a2c8f524abd8d06a27830c	ecef00389646fd5e56b00146221d598b22cbd92b48a2c8f524abd8d06a27830c	unchanged
references/01-quantization.md	p9-01-044	2088	83416314096d2c10b7181cc46ddf29a9d98e90542119a171bccedc93967fb3c8	83416314096d2c10b7181cc46ddf29a9d98e90542119a171bccedc93967fb3c8	unchanged
references/01-quantization.md	p9-01-045	2137	0b3ec41ee42b6e085afbe6b52f60e89cef0eadf966bca97c06a8306415fd5cf3	0b3ec41ee42b6e085afbe6b52f60e89cef0eadf966bca97c06a8306415fd5cf3	unchanged
references/01-quantization.md	p9-01-046	2211	faff76aede15396263b4aff059091603d4cfb3e5908bd4fb96adec368813c0a0	faff76aede15396263b4aff059091603d4cfb3e5908bd4fb96adec368813c0a0	unchanged
references/01-quantization.md	p9-01-047	2291	6396d423963aea262517a391ae9dddc5e1283987a88350a51a33caf20e4bd824	6396d423963aea262517a391ae9dddc5e1283987a88350a51a33caf20e4bd824	unchanged
references/01-quantization.md	p9-01-048	2338	c658f2d9fd078082f9c76e6be8fe13d9ba763f0f4f4da720cc9bde9e335f2d28	c658f2d9fd078082f9c76e6be8fe13d9ba763f0f4f4da720cc9bde9e335f2d28	unchanged
references/01-quantization.md	p9-01-049	2360	16c84930fc7de81f37075e08a5532e948e06f6a4cd6769dc1373b7354a748222	16c84930fc7de81f37075e08a5532e948e06f6a4cd6769dc1373b7354a748222	unchanged
references/01-quantization.md	p9-01-050	2392	c12685d09669375b030b67aad98da9c0a16662e3647ec23e48ebdb69a0277767	c12685d09669375b030b67aad98da9c0a16662e3647ec23e48ebdb69a0277767	unchanged
references/01-quantization.md	p9-01-051	2460	36ed2f300663f8c6565c3782af61dcec1a4b172f19cce35b771e3ee66bf1768e	36ed2f300663f8c6565c3782af61dcec1a4b172f19cce35b771e3ee66bf1768e	unchanged
references/01-quantization.md	p9-01-052	2484	4e368403df9bc7db70e35abfedb9e4f9c5b894fdafca4c1467bc14c9f5ce58f1	4e368403df9bc7db70e35abfedb9e4f9c5b894fdafca4c1467bc14c9f5ce58f1	unchanged
references/01-quantization.md	p9-01-053	2548	7c13fe1c1ca866d4d8ecb7c97d1c088aa3b8de5374cd1a90d71b7a77bf4f58f7	7c13fe1c1ca866d4d8ecb7c97d1c088aa3b8de5374cd1a90d71b7a77bf4f58f7	unchanged
references/01-quantization.md	p9-01-054	2558	7804ca62baacf338cd0c0847b780621ead0eec11db1fff227a82bed072903ad4	7804ca62baacf338cd0c0847b780621ead0eec11db1fff227a82bed072903ad4	unchanged
references/01-quantization.md	p9-01-055	2657	83fd7014dac1b5fa3aadb4300ab238f7e21128824a07ff7066cd7c9bc79e2b45	83fd7014dac1b5fa3aadb4300ab238f7e21128824a07ff7066cd7c9bc79e2b45	unchanged
references/01-quantization.md	p9-01-056	2734	1bb614be00f775d0a454ba2859c7b518d6119454e5c2c8748ac7de71abd28ff9	1bb614be00f775d0a454ba2859c7b518d6119454e5c2c8748ac7de71abd28ff9	unchanged
references/01-quantization.md	p9-01-057	2811	7a175d051a8aa27efb79be0354d698d7f9d2c438a7771497fda617755b520035	7a175d051a8aa27efb79be0354d698d7f9d2c438a7771497fda617755b520035	unchanged
references/01-quantization.md	p9-01-058	2869	2e3ddbda97aaeecf2120217c225e0a5b6671cc71afaa0438d61365e8f15db657	2e3ddbda97aaeecf2120217c225e0a5b6671cc71afaa0438d61365e8f15db657	unchanged
references/01-quantization.md	p9-01-059	2900	476aa7e70dfb1fc243918f0a62c3a7caa5a80ae6316d6e988bd4b79238b43c10	476aa7e70dfb1fc243918f0a62c3a7caa5a80ae6316d6e988bd4b79238b43c10	unchanged
references/01-quantization.md	p9-01-060	2941	5a079b5536a8574aa13c9188b656b89f2dd1ba7682d38987fa8b90a7253bdb2a	5a079b5536a8574aa13c9188b656b89f2dd1ba7682d38987fa8b90a7253bdb2a	unchanged
references/01-quantization.md	p9-01-061	2948	f2eb47eb869dc1304a4115a3124195570af6d45bf7182b47053d79bee3003e9c	f2eb47eb869dc1304a4115a3124195570af6d45bf7182b47053d79bee3003e9c	unchanged
references/01-quantization.md	p9-01-062	2968	d649b3fd5571bd3c8452b5ee2108d10bcff4d8f2c1e06f5e547266df7aa30d8f	d649b3fd5571bd3c8452b5ee2108d10bcff4d8f2c1e06f5e547266df7aa30d8f	unchanged
references/01-quantization.md	p9-01-063	3061	a5792a93e4bcb52cadfdee3ed1cb288dc26b12f202d805a0df07c74752f3761d	a5792a93e4bcb52cadfdee3ed1cb288dc26b12f202d805a0df07c74752f3761d	unchanged
references/01-quantization.md	p9-01-064	3079	ac9edf9b00bc95f3b5ca22798451c9f6aff5dd6153843fd3ae58098e0b121282	ac9edf9b00bc95f3b5ca22798451c9f6aff5dd6153843fd3ae58098e0b121282	unchanged
references/01-quantization.md	p9-01-065	3108	79fd42b5d17b58c2d2922e60574d30812a153812ecdb347da5d82cffce572241	79fd42b5d17b58c2d2922e60574d30812a153812ecdb347da5d82cffce572241	unchanged
references/01-quantization.md	p9-01-066	3130	3bf62f8f3c717db9f4d886d31aaca503f876f0307af1c5a007be9417caaf424d	3bf62f8f3c717db9f4d886d31aaca503f876f0307af1c5a007be9417caaf424d	unchanged
references/01-quantization.md	p9-01-067	3153	b4eba5f866d1edf237a2360c1ab9e8b478459e2f559e3fb6100531ace9f1d8b4	b4eba5f866d1edf237a2360c1ab9e8b478459e2f559e3fb6100531ace9f1d8b4	unchanged
references/01-quantization.md	p9-01-068	3202	8cde41ae0ae910293b578ba91fac6da2d4523ee3949130ebf559431f28cf7c28	8cde41ae0ae910293b578ba91fac6da2d4523ee3949130ebf559431f28cf7c28	unchanged
references/01-quantization.md	p9-01-069	3212	1edf4509475a8ad62c84d81d73827bd816617dbae559bc8d8d1df6637809f3cd	1edf4509475a8ad62c84d81d73827bd816617dbae559bc8d8d1df6637809f3cd	unchanged
references/01-quantization.md	p9-01-070	3232	44b2dccaed57a5b032c854728844be59494f47cd4c8f7875add1d20e579efa3e	44b2dccaed57a5b032c854728844be59494f47cd4c8f7875add1d20e579efa3e	unchanged
references/01-quantization.md	p9-01-071	3279	d996d43f2a608b3827ff4b806bd72112a0231592bb55837d3361c12fc40bc0a8	d996d43f2a608b3827ff4b806bd72112a0231592bb55837d3361c12fc40bc0a8	unchanged
references/01-quantization.md	p9-01-072	3298	30e51f3b97c6c23d93961610bf819051144a3d45903c9453c115a5b2c56a509f	30e51f3b97c6c23d93961610bf819051144a3d45903c9453c115a5b2c56a509f	unchanged
references/01-quantization.md	p9-01-073	3571	b5875bfb4db6a03017513873752bad4bc96e4d04b6b2c42400ade7dde130015d	b5875bfb4db6a03017513873752bad4bc96e4d04b6b2c42400ade7dde130015d	unchanged
references/01-quantization.md	p9-01-074	3583	038cb3c743ddbef1d65187733151639a0a139c33d3527e13ec0a6c8decc8a456	038cb3c743ddbef1d65187733151639a0a139c33d3527e13ec0a6c8decc8a456	unchanged
references/01-quantization.md	compression-native-fixtures	3711	19d2edf1f9926647f30b46371bb2180457db7ac915287c656cd7ed1044be95fb	9a620c309bcdface09dcb3ebfc63b29bbcf542ac3ff969c0503866e7997b930e	PAT schedule added; executed in both native profiles
references/01-quantization.md	p9-01-076	4025	e660a32066c4e11456ee0f83107075c8a50eb41b086a78ebbd09dd3af552a0c8	e660a32066c4e11456ee0f83107075c8a50eb41b086a78ebbd09dd3af552a0c8	unchanged
references/02-palettization-pruning-and-joint.md	p9-02-001	147	5d7197d5ac8f253a412847d31f914bb4ed29c7bf723e3c31f1fca50b8fa2b4b4	5d7197d5ac8f253a412847d31f914bb4ed29c7bf723e3c31f1fca50b8fa2b4b4	unchanged
references/02-palettization-pruning-and-joint.md	p9-02-002	271	5756e51f94e50a84adb06a59e622af7a6880271ebfe4418a099b327cc3b90234	5756e51f94e50a84adb06a59e622af7a6880271ebfe4418a099b327cc3b90234	unchanged
references/02-palettization-pruning-and-joint.md	p9-02-003	332	2c82e7cfba1b42a4f683bec755c90024c5dac1e37cb64cf58889b5bdcb05e226	2c82e7cfba1b42a4f683bec755c90024c5dac1e37cb64cf58889b5bdcb05e226	unchanged
references/02-palettization-pruning-and-joint.md	p9-02-004	355	9745786ce4a923e5f8f9ecc7cd63cac6015abd46982c09bb5f30fffb81f06a08	9745786ce4a923e5f8f9ecc7cd63cac6015abd46982c09bb5f30fffb81f06a08	unchanged
references/02-palettization-pruning-and-joint.md	p9-02-005	422	26fb70c6550d7a6f937b26569e1b3718d6c9135d81b9924f86a1dc21d583d1dc	26fb70c6550d7a6f937b26569e1b3718d6c9135d81b9924f86a1dc21d583d1dc	unchanged
references/02-palettization-pruning-and-joint.md	p9-02-006	504	4eaaac324c11a6841eb2651ebdf4a98978a9ffa6eb7b68155d3b5e020e35f3fd	4eaaac324c11a6841eb2651ebdf4a98978a9ffa6eb7b68155d3b5e020e35f3fd	unchanged
references/02-palettization-pruning-and-joint.md	p9-02-007	522	0870cd75585625ff002737be2c8b2a9dd36d0e3a982bb24f4cfeb667f05779c6	0870cd75585625ff002737be2c8b2a9dd36d0e3a982bb24f4cfeb667f05779c6	unchanged
references/02-palettization-pruning-and-joint.md	p9-02-008	600	1348d3fe79ca6b6ebc4fa0b14f7727d3bb0b224e131ea8822c7b0c2ec26b843b	1348d3fe79ca6b6ebc4fa0b14f7727d3bb0b224e131ea8822c7b0c2ec26b843b	unchanged
references/02-palettization-pruning-and-joint.md	p9-02-009	617	9fb34f4356238dcb5ece965ec18c70ce8bc0509b2512986235f6f87a96ad905e	9fb34f4356238dcb5ece965ec18c70ce8bc0509b2512986235f6f87a96ad905e	unchanged
references/02-palettization-pruning-and-joint.md	p9-02-010	653	415f772b012cec88182e2ae16872004ac77905b50b41a16b613d8c249c1ec520	415f772b012cec88182e2ae16872004ac77905b50b41a16b613d8c249c1ec520	unchanged
references/02-palettization-pruning-and-joint.md	p9-02-011	688	87710cd98d3c9bae717a00c83d5751dee2daee8c973fc1108425d8cfafcbf3f4	87710cd98d3c9bae717a00c83d5751dee2daee8c973fc1108425d8cfafcbf3f4	unchanged
references/02-palettization-pruning-and-joint.md	p9-02-012	740	9f036767167771c3ba68e5f8d0fa6c875f663623d7ffff237042b602908d30ae	9f036767167771c3ba68e5f8d0fa6c875f663623d7ffff237042b602908d30ae	unchanged
references/02-palettization-pruning-and-joint.md	p9-02-013	760	bebda86d1a8696097dfa98f2c59549d54c3047660208be7d533e3ed98b11daee	bebda86d1a8696097dfa98f2c59549d54c3047660208be7d533e3ed98b11daee	unchanged
references/02-palettization-pruning-and-joint.md	p9-02-014	786	089445c840163b792493557508635008193ffbf58ebbbc3e32fd8ec3bfccf588	089445c840163b792493557508635008193ffbf58ebbbc3e32fd8ec3bfccf588	unchanged
references/02-palettization-pruning-and-joint.md	p9-02-015	1009	7a175d051a8aa27efb79be0354d698d7f9d2c438a7771497fda617755b520035	7a175d051a8aa27efb79be0354d698d7f9d2c438a7771497fda617755b520035	unchanged
references/02-palettization-pruning-and-joint.md	p9-02-016	1094	e17e8ed9765e75208cf316d4dfc81f0a3520c748ba0ed4db3ec4542a1b9e4d02	e17e8ed9765e75208cf316d4dfc81f0a3520c748ba0ed4db3ec4542a1b9e4d02	unchanged
references/02-palettization-pruning-and-joint.md	p9-02-017	1299	cb18e693368e212b17296974c5fb8aaed229244eac0ec30481d3b86d369a4e73	cb18e693368e212b17296974c5fb8aaed229244eac0ec30481d3b86d369a4e73	unchanged
references/02-palettization-pruning-and-joint.md	p9-02-018	1347	3ae4d317e607b28e32353f2e93d243c4878e4bbb766b92e909f00d23ddbd3247	3ae4d317e607b28e32353f2e93d243c4878e4bbb766b92e909f00d23ddbd3247	unchanged
references/02-palettization-pruning-and-joint.md	p9-02-019	1376	6d0a7073d9b6760059c5e5540aa961e2b4bbf20c450054586d9da4f9c59870bd	6d0a7073d9b6760059c5e5540aa961e2b4bbf20c450054586d9da4f9c59870bd	unchanged
references/02-palettization-pruning-and-joint.md	p9-02-020	1421	d65ecae4e3334521fa574fdc67d961600cddda96ad5b70a9566b985a82e7b530	d65ecae4e3334521fa574fdc67d961600cddda96ad5b70a9566b985a82e7b530	unchanged
references/02-palettization-pruning-and-joint.md	p9-02-021	1439	8624fd803834982fa18190b72cee49f5ebec6f311adbf51ed0308554236e4ded	8624fd803834982fa18190b72cee49f5ebec6f311adbf51ed0308554236e4ded	unchanged
references/02-palettization-pruning-and-joint.md	p9-02-022	1446	7e38cad3ae298fc046d55c32d094b26c7f48d9810df257166712f62d39b452a7	7e38cad3ae298fc046d55c32d094b26c7f48d9810df257166712f62d39b452a7	unchanged
references/02-palettization-pruning-and-joint.md	p9-02-023	1557	0ba46e20409cee4f4a92e63d093d5d7b87085b97254ef332d4ce9434bda52063	0ba46e20409cee4f4a92e63d093d5d7b87085b97254ef332d4ce9434bda52063	unchanged
references/02-palettization-pruning-and-joint.md	p9-02-024	1593	795ac454ec560bd384040945a154a6469a5145be1ae19c07fce0738815dd5f03	795ac454ec560bd384040945a154a6469a5145be1ae19c07fce0738815dd5f03	unchanged
references/02-palettization-pruning-and-joint.md	p9-02-025	1675	696ea6dd8f70bd0d7aa03b1d27bdbfebcfdb288960a8bcfb9ae70344cadcc94a	696ea6dd8f70bd0d7aa03b1d27bdbfebcfdb288960a8bcfb9ae70344cadcc94a	unchanged
references/02-palettization-pruning-and-joint.md	p9-02-026	1777	579da3b206a02d4a79d62f1a13e7c34a503894025fa4c73137eccd5c4c8de4d1	579da3b206a02d4a79d62f1a13e7c34a503894025fa4c73137eccd5c4c8de4d1	unchanged
references/02-palettization-pruning-and-joint.md	p9-02-027	1801	562e53e07f4dd1b8684d70d2e193eaa91d0336582ed2f1ad642a73258b8b3ab0	562e53e07f4dd1b8684d70d2e193eaa91d0336582ed2f1ad642a73258b8b3ab0	unchanged
references/02-palettization-pruning-and-joint.md	p9-02-028	1809	dd7c936e059cafbc501ee22a31d41a38b30a5e0955b5c697e4587f9bad7ff824	dd7c936e059cafbc501ee22a31d41a38b30a5e0955b5c697e4587f9bad7ff824	unchanged
references/02-palettization-pruning-and-joint.md	p9-02-029	1880	3c3b06217d6f6c08ffcd986b937382a808efb3c0e3330f5b67d5bb7d04a0c4ef	3c3b06217d6f6c08ffcd986b937382a808efb3c0e3330f5b67d5bb7d04a0c4ef	unchanged
references/02-palettization-pruning-and-joint.md	p9-02-030	1896	f97a36cbec74b93a4d3b23d13c16458b585309411281a16fdbc5412c7d919fcd	f97a36cbec74b93a4d3b23d13c16458b585309411281a16fdbc5412c7d919fcd	unchanged
references/02-palettization-pruning-and-joint.md	p9-02-031	1952	1e2f9fb60d31d93ae4304ff3233c20335b7cd4bd9e0cf1f8f778b91356dd10e6	1e2f9fb60d31d93ae4304ff3233c20335b7cd4bd9e0cf1f8f778b91356dd10e6	unchanged
references/02-palettization-pruning-and-joint.md	p9-02-032	1991	a18a27e1167243e765a1bba687c0af2b8dd2892994dc60bb993e22663ce6e724	a18a27e1167243e765a1bba687c0af2b8dd2892994dc60bb993e22663ce6e724	unchanged
references/02-palettization-pruning-and-joint.md	p9-02-033	2011	882ab37ad0694db780e51c7a85fa2e9448b0142af557f713804ed7895ff5f296	882ab37ad0694db780e51c7a85fa2e9448b0142af557f713804ed7895ff5f296	unchanged
references/02-palettization-pruning-and-joint.md	p9-02-034	2069	b292495b9e11943ae5f917c1e09dea7536da03c09f52618a455406feb8f9fe00	b292495b9e11943ae5f917c1e09dea7536da03c09f52618a455406feb8f9fe00	unchanged
references/02-palettization-pruning-and-joint.md	p9-02-035	2074	fb6e222c1c65161867f7999d6d7edf7c2bdfea1516d41c94cd68fc0234b69faf	fb6e222c1c65161867f7999d6d7edf7c2bdfea1516d41c94cd68fc0234b69faf	unchanged
references/02-palettization-pruning-and-joint.md	p9-02-036	2090	3bf62f8f3c717db9f4d886d31aaca503f876f0307af1c5a007be9417caaf424d	3bf62f8f3c717db9f4d886d31aaca503f876f0307af1c5a007be9417caaf424d	unchanged
references/02-palettization-pruning-and-joint.md	p9-02-037	2106	c44ab0e96988b5a46ec24713fd25160c34db40402d097f5794ea990d7176b30a	c44ab0e96988b5a46ec24713fd25160c34db40402d097f5794ea990d7176b30a	unchanged
references/02-palettization-pruning-and-joint.md	p9-02-038	2143	a6bfbaf752ea1d898e0c00a38807498afce4ab14600d52e87acd8ef28716294b	a6bfbaf752ea1d898e0c00a38807498afce4ab14600d52e87acd8ef28716294b	unchanged
references/02-palettization-pruning-and-joint.md	p9-02-039	2176	373536695fc86a283b8b12269789eec5c7ef7925836ae78794fd90535d2faa67	373536695fc86a283b8b12269789eec5c7ef7925836ae78794fd90535d2faa67	unchanged
references/02-palettization-pruning-and-joint.md	p9-02-040	2272	aa62e134c1acefa6f3e0b75318f9f556d2da2c88bfe231820bba92fa2642c6f1	aa62e134c1acefa6f3e0b75318f9f556d2da2c88bfe231820bba92fa2642c6f1	unchanged
references/02-palettization-pruning-and-joint.md	p9-02-041	2494	7cc700042b9b6b936c3df91ee9426f447f4630e9a089be27643f6a6c4182639d	7cc700042b9b6b936c3df91ee9426f447f4630e9a089be27643f6a6c4182639d	unchanged
references/02-palettization-pruning-and-joint.md	p9-02-042	2619	b0816fb9afac5179dc3560e86fabc4e33f5c3e846fb7346e29fd7a5839272292	b0816fb9afac5179dc3560e86fabc4e33f5c3e846fb7346e29fd7a5839272292	unchanged
references/02-palettization-pruning-and-joint.md	p9-02-043	2722	9c8f26d1b44a0f53f74ce089a19e425670ca86192a181bbb33ad387fa0fc8869	9c8f26d1b44a0f53f74ce089a19e425670ca86192a181bbb33ad387fa0fc8869	unchanged
references/02-palettization-pruning-and-joint.md	p9-02-044	2777	cfa675223c1a5d2998b5b3380639e511802034a423f6d1777db5c5240e1d9392	cfa675223c1a5d2998b5b3380639e511802034a423f6d1777db5c5240e1d9392	unchanged
references/02-palettization-pruning-and-joint.md	p9-02-045	3031	c080176ab1ab83a36e3a81e7629807da1e2911b1c29d171b4131d007e7e0611e	c080176ab1ab83a36e3a81e7629807da1e2911b1c29d171b4131d007e7e0611e	unchanged
references/02-palettization-pruning-and-joint.md	p9-02-046	3432	323539ce7d93b6bd17e9a1032e25c6a3582d912014925894fad7e3265c2b6a62	323539ce7d93b6bd17e9a1032e25c6a3582d912014925894fad7e3265c2b6a62	unchanged
references/02-palettization-pruning-and-joint.md	p9-02-047	3572	dc9ef98f6dc7db06bed43316d7f4775587c02b26f2313a5257c0caee3836bee5	dc9ef98f6dc7db06bed43316d7f4775587c02b26f2313a5257c0caee3836bee5	unchanged
references/02-palettization-pruning-and-joint.md	p9-02-048	3625	22bfbc7cc3ff04fd2965a977815d8ab3b01e2e51696170f63977f308a58f7fc0	22bfbc7cc3ff04fd2965a977815d8ab3b01e2e51696170f63977f308a58f7fc0	unchanged
references/03-numeric-formats-across-the-stack.md	p9-03-001	263	7ebb260f34b98a0a047af703fc9bb870c628a7135281fd7cc5b1d274f0659ca1	7ebb260f34b98a0a047af703fc9bb870c628a7135281fd7cc5b1d274f0659ca1	unchanged
references/03-numeric-formats-across-the-stack.md	p9-03-002	367	28439f1617be2f877d39730f0546bf3652b1f97c04c36b4129941be5351c988e	28439f1617be2f877d39730f0546bf3652b1f97c04c36b4129941be5351c988e	unchanged
references/03-numeric-formats-across-the-stack.md	p9-03-003	403	92e90c12466b1a2caa75161a0ac28b2292448b9f8912b493875c8d73e5f38619	92e90c12466b1a2caa75161a0ac28b2292448b9f8912b493875c8d73e5f38619	unchanged
references/03-numeric-formats-across-the-stack.md	p9-03-004	460	183d1bc87f7597096ef1f47991ed803d34217baf0f15afae092c20fc9e0174aa	183d1bc87f7597096ef1f47991ed803d34217baf0f15afae092c20fc9e0174aa	unchanged
references/03-numeric-formats-across-the-stack.md	p9-03-005	482	45bbc07a243c6d03d43c7438dbc07c59985a6f0da9cdc608e96aa24f6e233825	45bbc07a243c6d03d43c7438dbc07c59985a6f0da9cdc608e96aa24f6e233825	unchanged
references/03-numeric-formats-across-the-stack.md	p9-03-006	530	fd3cf1bca194853634971416fae9f09771ad4eb5cd5d300374fa67c12eb26c48	fd3cf1bca194853634971416fae9f09771ad4eb5cd5d300374fa67c12eb26c48	unchanged
references/03-numeric-formats-across-the-stack.md	p9-03-007	549	b36dc973d11232692e11682f7ff7d7fb857c2f58994c3653533fa2e5067baf3e	b36dc973d11232692e11682f7ff7d7fb857c2f58994c3653533fa2e5067baf3e	unchanged
references/03-numeric-formats-across-the-stack.md	p9-03-008	578	1edf4509475a8ad62c84d81d73827bd816617dbae559bc8d8d1df6637809f3cd	1edf4509475a8ad62c84d81d73827bd816617dbae559bc8d8d1df6637809f3cd	unchanged
references/03-numeric-formats-across-the-stack.md	p9-03-009	615	4b301a89d775482abffe656402098f63f9f197469d3b82d181e0247efe915cef	4b301a89d775482abffe656402098f63f9f197469d3b82d181e0247efe915cef	unchanged
references/03-numeric-formats-across-the-stack.md	p9-03-010	870	f642292b0106df1159047f6b517279896b750205dc3d22493872f0219b8a2e6b	f642292b0106df1159047f6b517279896b750205dc3d22493872f0219b8a2e6b	unchanged
references/03-numeric-formats-across-the-stack.md	p9-03-011	893	64dcc170ddb4f94ad44c74e22f3eeab82da0193369f9c75273fca20ed6e7da0a	64dcc170ddb4f94ad44c74e22f3eeab82da0193369f9c75273fca20ed6e7da0a	unchanged
references/03-numeric-formats-across-the-stack.md	p9-03-012	907	6338eb2bf6022af524118d5f91bc7db30acf1e9ef00ea0b2f14b4adf088bfed1	6338eb2bf6022af524118d5f91bc7db30acf1e9ef00ea0b2f14b4adf088bfed1	unchanged
references/03-numeric-formats-across-the-stack.md	p9-03-013	1000	19c1cb0d62dce7bbac480921b2d03d82a049a3ebc5a8489a0a1db43a735d2289	19c1cb0d62dce7bbac480921b2d03d82a049a3ebc5a8489a0a1db43a735d2289	unchanged
references/03-numeric-formats-across-the-stack.md	p9-03-014	1088	5756e51f94e50a84adb06a59e622af7a6880271ebfe4418a099b327cc3b90234	5756e51f94e50a84adb06a59e622af7a6880271ebfe4418a099b327cc3b90234	unchanged
references/03-numeric-formats-across-the-stack.md	p9-03-015	1094	f1db16cfe441d870daffff295c56eb01f2fcd6d3d4ce869f0a184508be568bf5	f1db16cfe441d870daffff295c56eb01f2fcd6d3d4ce869f0a184508be568bf5	unchanged
references/03-numeric-formats-across-the-stack.md	p9-03-016	1107	51ee0cb963b86e8a771172d26020b562a07e2ef437e1aecbd1dcc7ed11a77887	51ee0cb963b86e8a771172d26020b562a07e2ef437e1aecbd1dcc7ed11a77887	unchanged
references/03-numeric-formats-across-the-stack.md	p9-03-017	1476	bdde64ca0876dabc980f6554b2169425c3d8eb734d54b2208b759703eb727f81	bdde64ca0876dabc980f6554b2169425c3d8eb734d54b2208b759703eb727f81	unchanged
references/03-numeric-formats-across-the-stack.md	p9-03-018	1537	65bdeb013b2d4a83bed2b2ee5635815c65c0e87d53cc3ae25bd8cf618c3ed189	65bdeb013b2d4a83bed2b2ee5635815c65c0e87d53cc3ae25bd8cf618c3ed189	unchanged
