path	section	line	base_sha256	current_sha256	disposition
guides/part-09-coreai-compression-numerics/README.md	(preamble)	1	e3b0c44298fc1c149afbf4c8996fb92427ae41e4649b934ca495991b7852b855	e3b0c44298fc1c149afbf4c8996fb92427ae41e4649b934ca495991b7852b855	unchanged
guides/part-09-coreai-compression-numerics/README.md	# Part 9 — Core AI: compression and numeric formats	1	ede1ceefa510e91737177687a6f312a04fdd4413c01ef6602248345dc8caabc4	ede1ceefa510e91737177687a6f312a04fdd4413c01ef6602248345dc8caabc4	unchanged
guides/part-09-coreai-compression-numerics/README.md	## Why this part exists	40	6ddfd561d7db3f9c2d54b10f71e34b9d534698fb9f0a756cce4c98d0c666c947	6ddfd561d7db3f9c2d54b10f71e34b9d534698fb9f0a756cce4c98d0c666c947	unchanged
guides/part-09-coreai-compression-numerics/README.md	## Read this first: the triage table	69	19813a4f94b8c362e70e50b3d6d50511f9e5390df00cae26b842992539fda313	19813a4f94b8c362e70e50b3d6d50511f9e5390df00cae26b842992539fda313	unchanged
guides/part-09-coreai-compression-numerics/README.md	## The guides in this part	91	07a56b40da78ec2df6049302dcb52c6944188c00478f885536bb7eb80801e4ca	07a56b40da78ec2df6049302dcb52c6944188c00478f885536bb7eb80801e4ca	unchanged
guides/part-09-coreai-compression-numerics/README.md	### [9.1 — `coreai-opt` quantization: configs, GRAPH vs EAGER, calibration and QAT](references/01-quantization.md)	93	8b253e0c39c618eadb70742330633196977c62de97df79b47c64e2a33b453df2	8b253e0c39c618eadb70742330633196977c62de97df79b47c64e2a33b453df2	unchanged
guides/part-09-coreai-compression-numerics/README.md	### [9.2 — Palettization, pruning, joint compression, and mixed precision](references/02-palettization-pruning-and-joint.md)	128	d0bcc67bfb439ab0121809bdbe0a3aad51d99ba7ddc65ada4b9a8e0f24cf5d81	d0bcc67bfb439ab0121809bdbe0a3aad51d99ba7ddc65ada4b9a8e0f24cf5d81	unchanged
guides/part-09-coreai-compression-numerics/README.md	### [9.3 — int4 to MX: which layer supports which numeric format](references/03-numeric-formats-across-the-stack.md)	166	00c18e9e44c66c9a02d49fc90681537984dcd8cea732eb7cabbd1ff44d3c19d4	00c18e9e44c66c9a02d49fc90681537984dcd8cea732eb7cabbd1ff44d3c19d4	unchanged
guides/part-09-coreai-compression-numerics/README.md	## Reading order	195	44e97f34bb28eb80817ac7cdeef004246518da4e0996f2021b4a0fcdb26aa265	44e97f34bb28eb80817ac7cdeef004246518da4e0996f2021b4a0fcdb26aa265	unchanged
guides/part-09-coreai-compression-numerics/README.md	## What this part deliberately does not cover	225	ae2c5ab6f98ffcf36ed8fa683781b380226a0282bcddf2da18d7b8748683e06a	ae2c5ab6f98ffcf36ed8fa683781b380226a0282bcddf2da18d7b8748683e06a	unchanged
guides/part-09-coreai-compression-numerics/README.md	## Sources for this part	246	29b2c4f613ce0f55db6d4b800d1b82fa951fce56fcfdf9e2a2ed9456ebc1ff19	29b2c4f613ce0f55db6d4b800d1b82fa951fce56fcfdf9e2a2ed9456ebc1ff19	unchanged
guides/part-09-coreai-compression-numerics/references/01-quantization.md	(preamble)	1	e3b0c44298fc1c149afbf4c8996fb92427ae41e4649b934ca495991b7852b855	e3b0c44298fc1c149afbf4c8996fb92427ae41e4649b934ca495991b7852b855	unchanged
guides/part-09-coreai-compression-numerics/references/01-quantization.md	# `coreai-opt` quantization: configs, GRAPH vs EAGER, calibration and QAT	1	9ecbd04655febcc0cff1ba480bd214476234c9c98e6358244192a85c04e737f4	9ecbd04655febcc0cff1ba480bd214476234c9c98e6358244192a85c04e737f4	unchanged
guides/part-09-coreai-compression-numerics/references/01-quantization.md	## What this covers	35	2e1a91ceb9f606115681e7ae439cbc488d93e3ffe5b7356d3c39cddf23aada27	2e1a91ceb9f606115681e7ae439cbc488d93e3ffe5b7356d3c39cddf23aada27	unchanged
guides/part-09-coreai-compression-numerics/references/01-quantization.md	## What this does *not* cover	96	768398d4cb89d1d2caeb62b7f152a2808e2152db9e5f6392b0f5269179acd0e0	768398d4cb89d1d2caeb62b7f152a2808e2152db9e5f6392b0f5269179acd0e0	unchanged
guides/part-09-coreai-compression-numerics/references/01-quantization.md	## What you need	108	7e20568ac98773177feef2c25ce65ae3dc9f13912460aadd295c8b4f3dfbe2b3	7e20568ac98773177feef2c25ce65ae3dc9f13912460aadd295c8b4f3dfbe2b3	unchanged
guides/part-09-coreai-compression-numerics/references/01-quantization.md	## Contents	125	50e11b79048bfd1172f2bef830cf60618bbf78a94239cb815f58ec878785d96e	50e11b79048bfd1172f2bef830cf60618bbf78a94239cb815f58ec878785d96e	unchanged
guides/part-09-coreai-compression-numerics/references/01-quantization.md	## 1. Where compression sits, and what it actually costs	150	15c057b2714ce0064bcfc3f7e64182dc6beae4eddbba6166c38182ea87f3dc2f	15c057b2714ce0064bcfc3f7e64182dc6beae4eddbba6166c38182ea87f3dc2f	unchanged
guides/part-09-coreai-compression-numerics/references/01-quantization.md	### 1.1 The pipeline position	152	ca063a87677e767c0bcded15896d2c0b03959e0070205a0b66d4dfe21bf60aa9	ca063a87677e767c0bcded15896d2c0b03959e0070205a0b66d4dfe21bf60aa9	unchanged
guides/part-09-coreai-compression-numerics/references/01-quantization.md	### 1.2 What each workflow costs	202	724749ef029735153680ff8e596d56892d65d3be0997636b33e7eeeadcc70f13	724749ef029735153680ff8e596d56892d65d3be0997636b33e7eeeadcc70f13	unchanged
guides/part-09-coreai-compression-numerics/references/01-quantization.md	### 1.3 The three techniques, and why this guide is only about one	226	4f426e635cf6388d5aeb332e27588630cd7c45b76846583272b8d25477942d87	4f426e635cf6388d5aeb332e27588630cd7c45b76846583272b8d25477942d87	unchanged
guides/part-09-coreai-compression-numerics/references/01-quantization.md	### 1.4 The relationship to `coremltools.optimize`	249	6b43a21564558db9ffa0ddf13237fd86f12958da83f4e0faf6e2c48a3b302bb1	6b43a21564558db9ffa0ddf13237fd86f12958da83f4e0faf6e2c48a3b302bb1	unchanged
guides/part-09-coreai-compression-numerics/references/01-quantization.md	## 2. The compressor lifecycle: four methods, one contract	279	28795af39fc35861c718fc92e12345c6078634562af15db471d1a4040c26ac72	28795af39fc35861c718fc92e12345c6078634562af15db471d1a4040c26ac72	unchanged
guides/part-09-coreai-compression-numerics/references/01-quantization.md	### 2.1 The minimum viable quantization	295	96422f72a5376b953042ad9970890c791dffe513d8078f7db6b21cec17b4c09a	96422f72a5376b953042ad9970890c791dffe513d8078f7db6b21cec17b4c09a	unchanged
guides/part-09-coreai-compression-numerics/references/01-quantization.md	### 2.2 `example_inputs` must be a tuple, and must be representative	357	2dc7e1672706f4f074639377f6888aea9ba52b8d1d4b24f36a069978befe57c4	2dc7e1672706f4f074639377f6888aea9ba52b8d1d4b24f36a069978befe57c4	unchanged
guides/part-09-coreai-compression-numerics/references/01-quantization.md	### 2.3 `prepare()` mutates in place — take a copy first	381	ea5525541ddcc3e4b43c9dc8a9bee7ea04a6bbcbe7bd6502b06477ef389267c5	ea5525541ddcc3e4b43c9dc8a9bee7ea04a6bbcbe7bd6502b06477ef389267c5	unchanged
guides/part-09-coreai-compression-numerics/references/01-quantization.md	### 2.4 Train/eval mode is handled for you on the way in, and not on the way out	414	a2c74ee40fb5d55a05517dbe3af742a8dd5f4743cb381822f23a53ecea87086c	a2c74ee40fb5d55a05517dbe3af742a8dd5f4743cb381822f23a53ecea87086c	unchanged
guides/part-09-coreai-compression-numerics/references/01-quantization.md	### 2.5 `finalize()` is destructive, and validates first	443	a448d52b784e65e5a0c7c5d1e2c08955fe84368dc0f2c29bf2185d04e5578c73	a448d52b784e65e5a0c7c5d1e2c08955fe84368dc0f2c29bf2185d04e5578c73	unchanged
guides/part-09-coreai-compression-numerics/references/01-quantization.md	### 2.6 `mmap_dir` — GRAPH or EAGER, CoreAI only	477	a9d6f18e506f9bbcbf92b77147ac0cb6693d83474b4424ff84c37b923b832f58	a9d6f18e506f9bbcbf92b77147ac0cb6693d83474b4424ff84c37b923b832f58	unchanged
guides/part-09-coreai-compression-numerics/references/01-quantization.md	## 3. Presets: the one-liners, and what they expand to	490	33869734349368d1a5cce42351a6df0d4354f968bc3b6066c2bdbda861e6ca16	33869734349368d1a5cce42351a6df0d4354f968bc3b6066c2bdbda861e6ca16	unchanged
guides/part-09-coreai-compression-numerics/references/01-quantization.md	### 3.1 The complete roster	492	dee9535ff3a21151aacf0d48a16dcbcbb4112f30dd575c4e2bbddd640118b63f	dee9535ff3a21151aacf0d48a16dcbcbb4112f30dd575c4e2bbddd640118b63f	unchanged
guides/part-09-coreai-compression-numerics/references/01-quantization.md	### 3.2 `presets.w4()`, expanded	514	8ea50c94795d5997d312dcbe256269fbe86416df9021466adad2c6a3444bd885	8ea50c94795d5997d312dcbe256269fbe86416df9021466adad2c6a3444bd885	unchanged
guides/part-09-coreai-compression-numerics/references/01-quantization.md	### 3.3 The transcript's one-liner, and the correction	561	de9bc3a48777b519b4a49a35e2f91637319cb98fea93fd1416c1c77cabdee380	de9bc3a48777b519b4a49a35e2f91637319cb98fea93fd1416c1c77cabdee380	unchanged
guides/part-09-coreai-compression-numerics/references/01-quantization.md	### 3.4 A preset is a starting point, not an answer	593	a9667485d153af76900877e9b4b50fc09a89a48a209dd4bd3330ff69f1e11ee6	a9667485d153af76900877e9b4b50fc09a89a48a209dd4bd3330ff69f1e11ee6	unchanged
guides/part-09-coreai-compression-numerics/references/01-quantization.md	## 4. The config hierarchy: three levels, three tensor groups, and `None`	630	e21b217455a650390af55ab49f2f9022b235cd4461d385eeda28439e5647ffe1	e21b217455a650390af55ab49f2f9022b235cd4461d385eeda28439e5647ffe1	unchanged
guides/part-09-coreai-compression-numerics/references/01-quantization.md	### 4.1 Three levels of scope	634	d137f32ebbb827563bf17a9f2cc10e54bc013bedea0b5cdf9fb558161ab502fb	d137f32ebbb827563bf17a9f2cc10e54bc013bedea0b5cdf9fb558161ab502fb	unchanged
guides/part-09-coreai-compression-numerics/references/01-quantization.md	### 4.2 Three groups of tensors	660	895214c2d9f34004b535f677461c4ebbca026518349d7f675aa186b6d13c57e8	895214c2d9f34004b535f677461c4ebbca026518349d7f675aa186b6d13c57e8	unchanged
guides/part-09-coreai-compression-numerics/references/01-quantization.md	### 4.3 ⚠️ `None` is not the same as omitting the field	708	03c489464006dbafe594a052e21b9e86310571fac6a4201ce88a5fa4d822a813	03c489464006dbafe594a052e21b9e86310571fac6a4201ce88a5fa4d822a813	unchanged
guides/part-09-coreai-compression-numerics/references/01-quantization.md	### 4.4 Everything is `@final` and everything is frozen	768	6eea60ed82249df491a3aa029a1a35c0968986584fbe552d99e7d887a8486f18	6eea60ed82249df491a3aa029a1a35c0968986584fbe552d99e7d887a8486f18	unchanged
guides/part-09-coreai-compression-numerics/references/01-quantization.md	### 4.5 Digit keys and module aliases — two conveniences that surprise people	791	6459270145b71fc3829e02def13b1c75c793338f533ab49e7f5ba3352b2f3253	6459270145b71fc3829e02def13b1c75c793338f533ab49e7f5ba3352b2f3253	unchanged
guides/part-09-coreai-compression-numerics/references/01-quantization.md	## 5. Scoping: regex names, fully-qualified types, `only_for` and `without`	806	d7fd47cf5ea986b5e3226802b80867d2b3c1e2140abfc0a22fef9cf1f34d63a0	d7fd47cf5ea986b5e3226802b80867d2b3c1e2140abfc0a22fef9cf1f34d63a0	unchanged
guides/part-09-coreai-compression-numerics/references/01-quantization.md	### 5.1 `module_name_configs` — regex, matched with `fullmatch`	808	c3f5c43d095d05b88b21547a0d4b5c2af7e7dbccf4d7af82bfdb8c3d8cae719b	c3f5c43d095d05b88b21547a0d4b5c2af7e7dbccf4d7af82bfdb8c3d8cae719b	unchanged
guides/part-09-coreai-compression-numerics/references/01-quantization.md	### 5.2 `module_type_configs` — **fully-qualified** class names only	840	cf91954685af59eee86b2d156d0ae3948d440ec05c422945b6db3de15a337bf6	cf91954685af59eee86b2d156d0ae3948d440ec05c422945b6db3de15a337bf6	unchanged
guides/part-09-coreai-compression-numerics/references/01-quantization.md	### 5.3 The chainable helpers: `only_for` and `without`	896	58bdd804e75c7f1248643bd2356055827a66868f331a308ffa1e51935b9f32f7	58bdd804e75c7f1248643bd2356055827a66868f331a308ffa1e51935b9f32f7	unchanged
guides/part-09-coreai-compression-numerics/references/01-quantization.md	### 5.4 YAML, and why anchors are a first-class feature	933	be8bd89c3d9db9450f142c5abe64ab1d69976ede8f63dfb2db312ac24e95a28c	be8bd89c3d9db9450f142c5abe64ab1d69976ede8f63dfb2db312ac24e95a28c	unchanged
guides/part-09-coreai-compression-numerics/references/01-quantization.md	## 6. `QuantizationSpec`: every field	1021	788b78734952f882c93f8b6fdabeebbebdf8554c91c8b6b7d6596f56515a3b0b	788b78734952f882c93f8b6fdabeebbebdf8554c91c8b6b7d6596f56515a3b0b	unchanged
guides/part-09-coreai-compression-numerics/references/01-quantization.md	### 6.1 `dtype` — nine supported, and what they lower to	1042	5b99e363bd500c02d6455a986e739b5e8ff3364167d63564be768b70dc829b6d	5b99e363bd500c02d6455a986e739b5e8ff3364167d63564be768b70dc829b6d	unchanged
guides/part-09-coreai-compression-numerics/references/01-quantization.md	### 6.2 `qscheme` — three cases, and where the third earns its keep	1076	84e871645e6fcf92ba30aba2837057f2d6e376dda480e0df559fc0f889dff398	84e871645e6fcf92ba30aba2837057f2d6e376dda480e0df559fc0f889dff398	unchanged
guides/part-09-coreai-compression-numerics/references/01-quantization.md	### 6.3 `qformulation` — ZP vs MINVAL	1111	62e03cd8557548db47feb547d4b3daebd3fda8124826739843826de2f4d481bb	62e03cd8557548db47feb547d4b3daebd3fda8124826739843826de2f4d481bb	unchanged
guides/part-09-coreai-compression-numerics/references/01-quantization.md	### 6.4 Scale and zero-point formulas	1134	398f5ceb8d5eabb6c178043818c82f18af523f59e278a092ca1ed1b7d969dac9	398f5ceb8d5eabb6c178043818c82f18af523f59e278a092ca1ed1b7d969dac9	unchanged
guides/part-09-coreai-compression-numerics/references/01-quantization.md	### 6.5 The three pluggable classes, and the one that cannot be exported	1167	0de60db0be0513b2507375abb480230f40516f48be3ee801173795722ef9bafe	0de60db0be0513b2507375abb480230f40516f48be3ee801173795722ef9bafe	unchanged
guides/part-09-coreai-compression-numerics/references/01-quantization.md	### 6.6 Writing your own calculator	1202	c21aa8ba0ed8a34d3bb826391e2b45b0033ef69a7f5554a7648c6680e4e3ad6c	c21aa8ba0ed8a34d3bb826391e2b45b0033ef69a7f5554a7648c6680e4e3ad6c	unchanged
guides/part-09-coreai-compression-numerics/references/01-quantization.md	## 7. Granularity, default axes, and the silent skip	1237	b8dbcb0ec0997c01570f20de18fca03626c515f2ae4b33ad7d8c48c72773772e	b8dbcb0ec0997c01570f20de18fca03626c515f2ae4b33ad7d8c48c72773772e	unchanged
guides/part-09-coreai-compression-numerics/references/01-quantization.md	### 7.1 Three classes	1242	0f584169a9ce372079d950359b60ccc3d0643c05f896dda5dc5e6e780de43c9a	0f584169a9ce372079d950359b60ccc3d0643c05f896dda5dc5e6e780de43c9a	unchanged
guides/part-09-coreai-compression-numerics/references/01-quantization.md	### 7.2 The size arithmetic	1289	1cbe94b226ae48dc6efa007dfe6669103ea452e98e4fd30629ba03b063bf0765	1cbe94b226ae48dc6efa007dfe6669103ea452e98e4fd30629ba03b063bf0765	unchanged
guides/part-09-coreai-compression-numerics/references/01-quantization.md	### 7.3 The default weight axis table	1315	cfabceed7f906f366f3a35d102128b0f81bd90d2ed9b3dd5b293fbfbe64a87c6	cfabceed7f906f366f3a35d102128b0f81bd90d2ed9b3dd5b293fbfbe64a87c6	unchanged
guides/part-09-coreai-compression-numerics/references/01-quantization.md	### 7.4 Three ways the axis default fails, and what each message means	1353	2cd1e06134f955d082a6d748d35246af3fa28057a24656dcbeef166071a02f56	2cd1e06134f955d082a6d748d35246af3fa28057a24656dcbeef166071a02f56	unchanged
guides/part-09-coreai-compression-numerics/references/01-quantization.md	### 7.5 ⚠️ SILENT FAILURE — a block size your weight isn't divisible by leaves the layer uncompressed	1384	e5face0063351d18fdda93c85abfe8c738444ba33cdf0c50e42d037247bd1f4a	e5face0063351d18fdda93c85abfe8c738444ba33cdf0c50e42d037247bd1f4a	unchanged
guides/part-09-coreai-compression-numerics/references/01-quantization.md	## 8. GRAPH vs EAGER: a structural split, not a flag	1488	88f8eb7cfa094ac4bf2c9d6fc1b312487a965210c63c2e5434ad506fd93b002a	88f8eb7cfa094ac4bf2c9d6fc1b312487a965210c63c2e5434ad506fd93b002a	unchanged
guides/part-09-coreai-compression-numerics/references/01-quantization.md	### 8.1 The enum	1503	ee82b3508c96385e0acfa8db8bb6113c42a2e43c66c8533c731d30cd29156e2b	ee82b3508c96385e0acfa8db8bb6113c42a2e43c66c8533c731d30cd29156e2b	unchanged
guides/part-09-coreai-compression-numerics/references/01-quantization.md	### 8.2 The capability table	1525	745906b170cdaa4b02c6eaa7d014a33f2a8700615a2ee6fae41df28b77831456	745906b170cdaa4b02c6eaa7d014a33f2a8700615a2ee6fae41df28b77831456	unchanged
guides/part-09-coreai-compression-numerics/references/01-quantization.md	### 8.3 ⚠️ The two modes do not produce equivalent models	1548	72631017c30c5ba6fd790e2d3f1a06cd107975da24039537b56a855ec194190f	72631017c30c5ba6fd790e2d3f1a06cd107975da24039537b56a855ec194190f	unchanged
guides/part-09-coreai-compression-numerics/references/01-quantization.md	### 8.4 Which mode, actually	1568	aa7815565504ce04debcd89d7671c8ae86e8446cfbc2a0c10fce71abeec390a0	aa7815565504ce04debcd89d7671c8ae86e8446cfbc2a0c10fce71abeec390a0	unchanged
guides/part-09-coreai-compression-numerics/references/01-quantization.md	### 8.5 Graph-mode `prepare()`, step by step	1588	e523de57843628b3a6806ad608c431bba6b405327ad5f04135523547ca6c7834	e523de57843628b3a6806ad608c431bba6b405327ad5f04135523547ca6c7834	unchanged
guides/part-09-coreai-compression-numerics/references/01-quantization.md	### 8.6 Graph mode rejects some config shapes outright	1666	424dee413bc7a7552a9ffb3eda338c8c48bfc6548f097a54064cc48ca04d1a40	424dee413bc7a7552a9ffb3eda338c8c48bfc6548f097a54064cc48ca04d1a40	unchanged
guides/part-09-coreai-compression-numerics/references/01-quantization.md	### 8.7 How graph mode decides what to annotate	1678	483fcc6226500aafd4dff4042c89f8307e3a44ecda43c15ef25045f7c6eb1644	483fcc6226500aafd4dff4042c89f8307e3a44ecda43c15ef25045f7c6eb1644	unchanged
guides/part-09-coreai-compression-numerics/references/01-quantization.md	### 8.8 Eager mode's supported ops	1734	4ed688e2cfc608958be83b7ede65e493b83f88565a5ce74b368ca1ac1077a2e3	4ed688e2cfc608958be83b7ede65e493b83f88565a5ce74b368ca1ac1077a2e3	unchanged
guides/part-09-coreai-compression-numerics/references/01-quantization.md	### 8.9 Graph-mode quantization with composite externalization	1750	e923d81b7d2e86efbf1dc3663c740c707784c2d7adfdecd035a78942ea4c81e9	b0e5b17e5bb8dab0f65abf9d153137246f6c8000ce6c90344e3e66c01146e713	changed
guides/part-09-coreai-compression-numerics/references/01-quantization.md	## 9. Activation quantization: observers, calibration, shared observers	1863	718b6e7e9b60e2d17032f3fbe70132a8b4bef33b1fce6215bd59343f7a1feedc	718b6e7e9b60e2d17032f3fbe70132a8b4bef33b1fce6215bd59343f7a1feedc	unchanged
guides/part-09-coreai-compression-numerics/references/01-quantization.md	### 9.1 The two default specs	1868	77996abba3712196bd8144e5b0c1b3f6dc6b853318125e80aeda57a958102a55	77996abba3712196bd8144e5b0c1b3f6dc6b853318125e80aeda57a958102a55	unchanged
guides/part-09-coreai-compression-numerics/references/01-quantization.md	### 9.2 What `calibration_mode()` actually toggles	1890	63da1ed44803fd7dfd52178f91d8fa64b948dcc878055f0850b0dbad0ae47e73	63da1ed44803fd7dfd52178f91d8fa64b948dcc878055f0850b0dbad0ae47e73	unchanged
guides/part-09-coreai-compression-numerics/references/01-quantization.md	### 9.3 The calibration loop	1927	ccc4396dad8def6a0f84982532d1726e8acded872ae2b4cde17ec9c9a1bbd0c0	ccc4396dad8def6a0f84982532d1726e8acded872ae2b4cde17ec9c9a1bbd0c0	unchanged
guides/part-09-coreai-compression-numerics/references/01-quantization.md	### 9.4 Prepared vs finalized are not bit-identical	1958	76ddeaf45fa3379ce4d28f3d2a6b1b583182d2a80aebd275903807698ee46d7e	76ddeaf45fa3379ce4d28f3d2a6b1b583182d2a80aebd275903807698ee46d7e	unchanged
guides/part-09-coreai-compression-numerics/references/01-quantization.md	### 9.5 The six ops whose qscheme the framework overrides	1975	e4416af2c47a1c90d49b72e098ce74b00ed7d675f4fa69afe90b6e8218982045	e4416af2c47a1c90d49b72e098ce74b00ed7d675f4fa69afe90b6e8218982045	unchanged
guides/part-09-coreai-compression-numerics/references/01-quantization.md	### 9.6 ⚠️ Shared observers and the per-channel activation constraint	2018	d44b3e8a5441e6172bd1733bb2a182b67a6068d244d67205ff2671a2d3d80a74	d44b3e8a5441e6172bd1733bb2a182b67a6068d244d67205ff2671a2d3d80a74	unchanged
guides/part-09-coreai-compression-numerics/references/01-quantization.md	### 9.7 The fake-quantize forward, and where the gradient comes from	2113	ee6be64109ad4ebc9da872518bde5db7d65ef9a732aed0e723edb4796895bbb3	ee6be64109ad4ebc9da872518bde5db7d65ef9a732aed0e723edb4796895bbb3	unchanged
guides/part-09-coreai-compression-numerics/references/01-quantization.md	## 10. PTQ: data-free and calibration-based	2167	71d9bfa62a8a88f6f7634507651048a82f174398c0c9a1ddfa193691faee72dd	71d9bfa62a8a88f6f7634507651048a82f174398c0c9a1ddfa193691faee72dd	unchanged
guides/part-09-coreai-compression-numerics/references/01-quantization.md	### 10.1 Data-free weight-only PTQ is the default and the right starting point	2169	60ef47031a1435d84726df539926253887e8eb8945644dc09618e127a8081589	60ef47031a1435d84726df539926253887e8eb8945644dc09618e127a8081589	unchanged
guides/part-09-coreai-compression-numerics/references/01-quantization.md	### 10.2 The bit-width ladder, and where it breaks	2202	9203b9bbe3843f79c3c6e681d5586aebcd786b6eff7a81c834f78e1277934cf6	9203b9bbe3843f79c3c6e681d5586aebcd786b6eff7a81c834f78e1277934cf6	unchanged
guides/part-09-coreai-compression-numerics/references/01-quantization.md	### 10.3 Calibration-based PTQ	2245	9abc25cf4db873643052272fa6324ca3cee9cd2daddbb744694f9595f2708035	9abc25cf4db873643052272fa6324ca3cee9cd2daddbb744694f9595f2708035	unchanged
guides/part-09-coreai-compression-numerics/references/01-quantization.md	### 10.4 Joint compression: palettize first, then quantize activations	2312	89b04c0f94ee4575f5791da246c69c8d1716a3f5fc2a00279617f2def9f07fdd	89b04c0f94ee4575f5791da246c69c8d1716a3f5fc2a00279617f2def9f07fdd	unchanged
guides/part-09-coreai-compression-numerics/references/01-quantization.md	## 11. QAT: the schedule, `step()`, and the two conflict rules	2369	29c4c3fa4d63d71e3f47ffeb30287850a3ce032abb145822e34726edfda01605	29c4c3fa4d63d71e3f47ffeb30287850a3ce032abb145822e34726edfda01605	unchanged
guides/part-09-coreai-compression-numerics/references/01-quantization.md	### 11.1 The simplest form: no schedule at all	2374	c0fdb33ff70782f143adcd74c32cbed9eee31b1959abf092d3bdda2ba034591a	c0fdb33ff70782f143adcd74c32cbed9eee31b1959abf092d3bdda2ba034591a	unchanged
guides/part-09-coreai-compression-numerics/references/01-quantization.md	### 11.2 `QATSchedule`: three integers	2396	b1be60997d509778fbdd7c912ed50c8674e421b93f67686da5cbcdac67b2962d	b1be60997d509778fbdd7c912ed50c8674e421b93f67686da5cbcdac67b2962d	unchanged
guides/part-09-coreai-compression-numerics/references/01-quantization.md	### 11.3 `step()` and its three failure modes	2478	2db2d44db119c0b7c88fb284f7b5cfaafc0878eebe1a10d078536045ffe15207	2db2d44db119c0b7c88fb284f7b5cfaafc0878eebe1a10d078536045ffe15207	unchanged
guides/part-09-coreai-compression-numerics/references/01-quantization.md	### 11.4 The manual API, and why it is mutually exclusive	2497	8549d5f7b48ef2bc6058e43ac70fcb5a5f7b68ebe9e9f6740de914b8a8fc708c	8549d5f7b48ef2bc6058e43ac70fcb5a5f7b68ebe9e9f6740de914b8a8fc708c	unchanged
guides/part-09-coreai-compression-numerics/references/01-quantization.md	### 11.5 Tied weights, deduplication and schedule ownership	2547	d47aa4b6e2df33d0bb71d5559c63563c4f904b2e9f80f03bb2b454422d172ad9	d47aa4b6e2df33d0bb71d5559c63563c4f904b2e9f80f03bb2b454422d172ad9	unchanged
guides/part-09-coreai-compression-numerics/references/01-quantization.md	### 11.6 QAT does not rescue everything	2570	04520a67efb5eb2c77a5f0fcd5b23c0a668a196ad5cfc349da4ebfd294ad7946	04520a67efb5eb2c77a5f0fcd5b23c0a668a196ad5cfc349da4ebfd294ad7946	unchanged
guides/part-09-coreai-compression-numerics/references/01-quantization.md	## 12. KV-cache quantization (graph mode only)	2591	8f94ab3d6b845419ba9dd2251731acdd66996ba84ae237e44867f45d6586856e	8f94ab3d6b845419ba9dd2251731acdd66996ba84ae237e44867f45d6586856e	unchanged
guides/part-09-coreai-compression-numerics/references/01-quantization.md	## 13. The SAM3 story: uniform compression is almost never right	2666	256e0c687f2934bdeba02b4dc8de3cf4f65325072de7b17b1427d5958d9fe6e0	256e0c687f2934bdeba02b4dc8de3cf4f65325072de7b17b1427d5958d9fe6e0	unchanged
guides/part-09-coreai-compression-numerics/references/01-quantization.md	### 13.1 The model	2671	7089f15277017f42872236a3edce31c5971d3e7800c6cd40e2af5a0a59a733dd	7089f15277017f42872236a3edce31c5971d3e7800c6cd40e2af5a0a59a733dd	unchanged
guides/part-09-coreai-compression-numerics/references/01-quantization.md	### 13.2 The baseline	2690	9573c34d3a5f6e786c5b77e415292cc5cd0a067284b7e6a5c4988ce592a3cd4a	9573c34d3a5f6e786c5b77e415292cc5cd0a067284b7e6a5c4988ce592a3cd4a	unchanged
guides/part-09-coreai-compression-numerics/references/01-quantization.md	### 13.3 The one-line experiment	2704	6fb17e61fa0abd6ff00955872a08ac4eb65040072f6da0e34be7657538fb84fc	6fb17e61fa0abd6ff00955872a08ac4eb65040072f6da0e34be7657538fb84fc	unchanged
guides/part-09-coreai-compression-numerics/references/01-quantization.md	### 13.4 The diagnosis	2740	b9f14686db8cd8f57a215c7390aeae8529ff8770dada21416ef2de2f0c95b58b	b9f14686db8cd8f57a215c7390aeae8529ff8770dada21416ef2de2f0c95b58b	unchanged
guides/part-09-coreai-compression-numerics/references/01-quantization.md	### 13.5 The fix	2781	faffccb07cc72fc1bbe1fd295fcd17df997fa6eebd44e074eac73bbe1f7904f5	faffccb07cc72fc1bbe1fd295fcd17df997fa6eebd44e074eac73bbe1f7904f5	unchanged
guides/part-09-coreai-compression-numerics/references/01-quantization.md	### 13.6 What Apple actually shipped, which is not what the talk showed	2800	1224f9de88fe53771a7e6253616bb2777c0eb3b8993bc745dd74ad881c8e6b92	1224f9de88fe53771a7e6253616bb2777c0eb3b8993bc745dd74ad881c8e6b92	unchanged
guides/part-09-coreai-compression-numerics/references/01-quantization.md	### 13.7 The generalisable procedure	2903	45f66e4c14641475c4fe8adb9dca06afe89434eefc443a395065f04aa5c97596	45f66e4c14641475c4fe8adb9dca06afe89434eefc443a395065f04aa5c97596	unchanged
guides/part-09-coreai-compression-numerics/references/01-quantization.md	## 14. `coreai_opt.casting`: the fp16 helper and the ordering rule	2941	823d319bc898342f5aca45f4293276f1021de7729fa9da6ad7298133b62374eb	823d319bc898342f5aca45f4293276f1021de7729fa9da6ad7298133b62374eb	unchanged
guides/part-09-coreai-compression-numerics/references/01-quantization.md	### 14.1 Three functions, one recommendation	2946	62684d5bf8aebbe3e5dc3b571999e5983de0bf19000cbaaaa2163772051b2f8e	62684d5bf8aebbe3e5dc3b571999e5983de0bf19000cbaaaa2163772051b2f8e	unchanged
guides/part-09-coreai-compression-numerics/references/01-quantization.md	### 14.2 ⚠️ Return value vs in-place mutation — a documented conflict	2982	80602eb25b9b55140ce36ac5ef72ecde491640aef0335bc1e49298c04c7e8742	80602eb25b9b55140ce36ac5ef72ecde491640aef0335bc1e49298c04c7e8742	unchanged
guides/part-09-coreai-compression-numerics/references/01-quantization.md	### 14.3 The ordering rule: compress first, cast second	3008	8a7db75013e1d80021e8f30a5dde2f6c94a246d34f03af51f6bb1310b9fe47e9	8a7db75013e1d80021e8f30a5dde2f6c94a246d34f03af51f6bb1310b9fe47e9	unchanged
guides/part-09-coreai-compression-numerics/references/01-quantization.md	### 14.4 ⚠️ SILENT FAILURE — fp16 casting does not guard activation overflow, and compression makes it worse	3050	1ee47d4b4e00177a099e6bf2c21becd2ca9ced7115200d8e3fbac4320b060610	1ee47d4b4e00177a099e6bf2c21becd2ca9ced7115200d8e3fbac4320b060610	unchanged
guides/part-09-coreai-compression-numerics/references/01-quantization.md	## 15. `coreai_opt.coreai_utils`: compressing an already-converted program	3102	7ea9df81e42edf125466ebc063a703567deadd8ff1e2d5049878c3deab21e982	7ea9df81e42edf125466ebc063a703567deadd8ff1e2d5049878c3deab21e982	unchanged
guides/part-09-coreai-compression-numerics/references/01-quantization.md	### 15.1 The API	3107	ef277aad888eb8d2e7b9f651b186eb54c0bd6e79e9f38fa654b4afe93a7ac9d2	ef277aad888eb8d2e7b9f651b186eb54c0bd6e79e9f38fa654b4afe93a7ac9d2	unchanged
guides/part-09-coreai-compression-numerics/references/01-quantization.md	### 15.2 What it can reach, and the size threshold	3174	7bf54c520fd738ae352ab6451d7ec2ade140975df642884753321fa723356508	7bf54c520fd738ae352ab6451d7ec2ade140975df642884753321fa723356508	unchanged
guides/part-09-coreai-compression-numerics/references/01-quantization.md	### 15.3 The worked example, and Apple's caveat	3198	d59307759a48d88d37e3ea59f421a7bc053d3e1d59aec9e2163b1454ce1463f0	d59307759a48d88d37e3ea59f421a7bc053d3e1d59aec9e2163b1454ce1463f0	unchanged
guides/part-09-coreai-compression-numerics/references/01-quantization.md	## 16. Export backends, and the CoreML restriction matrix	3236	b4c7a9747a1bea706e507ccbbe4b0fafcb2dd912ce3eb378505c2fad1b0a5bfc	b4c7a9747a1bea706e507ccbbe4b0fafcb2dd912ce3eb378505c2fad1b0a5bfc	unchanged
guides/part-09-coreai-compression-numerics/references/01-quantization.md	### 16.1 Three backends	3238	b6ca30d968365a5877d1b6eca7ab6fcbd0571fe942be76f2ddec5f7169e00156	b6ca30d968365a5877d1b6eca7ab6fcbd0571fe942be76f2ddec5f7169e00156	unchanged
guides/part-09-coreai-compression-numerics/references/01-quantization.md	### 16.2 What CoreML cannot do	3258	811e02a20c7000fe108ef69b1e34073145ff6447368333fa47ff41fb56f7f272	811e02a20c7000fe108ef69b1e34073145ff6447368333fa47ff41fb56f7f272	unchanged
guides/part-09-coreai-compression-numerics/references/01-quantization.md	### 16.3 Historical CoreML root-module bug	3302	dc995aa7a19711e5b9f1886fffeb02e7a892e1c0ebd0884cab27f231d380b838	dc995aa7a19711e5b9f1886fffeb02e7a892e1c0ebd0884cab27f231d380b838	unchanged
guides/part-09-coreai-compression-numerics/references/01-quantization.md	## 17. ⚠️ Silent failures, consolidated	3309	b7b1eed85e0d267b403d367f7b7177f53e3ba3c873483014a782ebe6ad4daf7c	b7b1eed85e0d267b403d367f7b7177f53e3ba3c873483014a782ebe6ad4daf7c	unchanged
guides/part-09-coreai-compression-numerics/references/01-quantization.md	### 17.1 Mis-sized blocks leave layers uncompressed	3314	edce6fe9e4ca12dd3917dcba8d43b6ed7dac6dd95382a90a974810210c436931	edce6fe9e4ca12dd3917dcba8d43b6ed7dac6dd95382a90a974810210c436931	unchanged
guides/part-09-coreai-compression-numerics/references/01-quantization.md	### 17.2 Diffusion quantization failures are swallowed with a warning	3321	cd4e612bd632ea74732b32cd8a2af2446609cde281df5e547bcf465b475b4750	cd4e612bd632ea74732b32cd8a2af2446609cde281df5e547bcf465b475b4750	unchanged
guides/part-09-coreai-compression-numerics/references/01-quantization.md	### 17.3 A shared weight can take its dtype from one config and its schedule from another	3374	230fe76cbbfd4a3ba0a7ecc659a89e1e635e9211660ec8dd75767fa37436bce3	230fe76cbbfd4a3ba0a7ecc659a89e1e635e9211660ec8dd75767fa37436bce3	unchanged
guides/part-09-coreai-compression-numerics/references/01-quantization.md	### 17.4 fp16 casting can zero an activation, and compression makes it likelier	3380	74b77bd9082224ca7063d9e4b297da3b5e072c88549e526ef933e1db36eac3d9	74b77bd9082224ca7063d9e4b297da3b5e072c88549e526ef933e1db36eac3d9	unchanged
guides/part-09-coreai-compression-numerics/references/01-quantization.md	### 17.5 Per-channel activation granularity is silently downgraded around shared observers	3386	1d4933f8b55901acfdd2fb41bbf084edab0b38b886cba195da35a8e6d82d8846	1d4933f8b55901acfdd2fb41bbf084edab0b38b886cba195da35a8e6d82d8846	unchanged
guides/part-09-coreai-compression-numerics/references/01-quantization.md	### 17.6 A negative `axis` used to land on the wrong dimension	3393	85514f3854fa1bea2849a5d34b3812d2ff40e31bbc1308cdcf9e270c2eee017d	85514f3854fa1bea2849a5d34b3812d2ff40e31bbc1308cdcf9e270c2eee017d	unchanged
guides/part-09-coreai-compression-numerics/references/01-quantization.md	### 17.7 Eager-mode `finalize(CoreAI)` frees your float weights	3421	bd204799461a08c5e27d4eb5f0699f72f8398ccdf7507dd4a4da7bf091d8ad99	bd204799461a08c5e27d4eb5f0699f72f8398ccdf7507dd4a4da7bf091d8ad99	unchanged
guides/part-09-coreai-compression-numerics/references/01-quantization.md	### 17.8 A round-tripped config accepts `only_for` twice	3428	ddf351b8882a0f607ad6696361675626f13a8ddd67c1f7e3b1164ccd6b1c98fe	ddf351b8882a0f607ad6696361675626f13a8ddd67c1f7e3b1164ccd6b1c98fe	unchanged
guides/part-09-coreai-compression-numerics/references/01-quantization.md	### 17.9 The bar for shipping	3433	7b6b041ec90c3fd6bc4b1ac33ec1455d101ee79ced5b572aa70eac7d4510b268	7b6b041ec90c3fd6bc4b1ac33ec1455d101ee79ced5b572aa70eac7d4510b268	unchanged
guides/part-09-coreai-compression-numerics/references/01-quantization.md	## 18. Numbers, attributed	3461	9c7b21f125a53b052d5f899c5fbc3d85a01dfa172f18a256dcfb6446b8f14e2b	9c7b21f125a53b052d5f899c5fbc3d85a01dfa172f18a256dcfb6446b8f14e2b	unchanged
guides/part-09-coreai-compression-numerics/references/01-quantization.md	### 18.1 ResNet-50, weight + activation PTQ — Apple-published	3466	e63780742c40ec527fbf2d31abc254d10969a0ded2c3971d2ea31c83eb552866	e63780742c40ec527fbf2d31abc254d10969a0ded2c3971d2ea31c83eb552866	unchanged
guides/part-09-coreai-compression-numerics/references/01-quantization.md	### 18.2 EDSR super-resolution — Apple-published	3492	085604729bdb2c6d0eeb979f43ba5bfef009c2cf851496a46270ee516f2c7dc7	085604729bdb2c6d0eeb979f43ba5bfef009c2cf851496a46270ee516f2c7dc7	unchanged
guides/part-09-coreai-compression-numerics/references/01-quantization.md	### 18.3 ResNet-50 mixed-precision palettization — Apple-published	3506	79988065cb0c852f61d5d75c3d2bd48bd666186e0076d1c0ba7fda6cc89a2e47	79988065cb0c852f61d5d75c3d2bd48bd666186e0076d1c0ba7fda6cc89a2e47	unchanged
guides/part-09-coreai-compression-numerics/references/01-quantization.md	### 18.4 SAM3 — Apple-published, WWDC26 session 325	3533	eab0a484306b9907d2c25a53a5336fb6bbf5702b46ef6c16820fae716714b7f3	eab0a484306b9907d2c25a53a5336fb6bbf5702b46ef6c16820fae716714b7f3	unchanged
guides/part-09-coreai-compression-numerics/references/01-quantization.md	### 18.5 Toy model activation SNR — Apple-published	3560	08aff82793c1b0b9eaf2b2815657d881932c0b669eba7f22ebe2d5acacd6035f	08aff82793c1b0b9eaf2b2815657d881932c0b669eba7f22ebe2d5acacd6035f	unchanged
guides/part-09-coreai-compression-numerics/references/01-quantization.md	### 18.6 Community measurements — attributed, and to be treated as such	3588	f35d8d85b1b30115eae705a5f0f69ffccb6b987265b2f769b7f74b5d996163aa	f35d8d85b1b30115eae705a5f0f69ffccb6b987265b2f769b7f74b5d996163aa	unchanged
guides/part-09-coreai-compression-numerics/references/01-quantization.md	## 19. Quick reference	3616	614e8e658358c20e4aa5233854aeea1255cdaed3774eaec7459f5578e30f01ac	614e8e658358c20e4aa5233854aeea1255cdaed3774eaec7459f5578e30f01ac	unchanged
guides/part-09-coreai-compression-numerics/references/01-quantization.md	### 19.1 The five-line recipe	3618	f38e8f63c8a40db4da8f9d8a9ecd86b4f2075c48fef8fac7ff6b889998353c1c	f38e8f63c8a40db4da8f9d8a9ecd86b4f2075c48fef8fac7ff6b889998353c1c	unchanged
guides/part-09-coreai-compression-numerics/references/01-quantization.md	### 19.2 API surface	3630	c21f2810b595b301df0ccecfa6965580c07298780c4a6393879250a88f6bd55d	c21f2810b595b301df0ccecfa6965580c07298780c4a6393879250a88f6bd55d	unchanged
guides/part-09-coreai-compression-numerics/references/01-quantization.md	### 19.3 Decision table	3663	c63d7aa59db46f2f2e2db609ba806fa722f2c03b18d5a626492f1e175b00d90e	c63d7aa59db46f2f2e2db609ba806fa722f2c03b18d5a626492f1e175b00d90e	unchanged
guides/part-09-coreai-compression-numerics/references/01-quantization.md	### 19.4 The rules that prevent the failures	3679	20a405a93c829811af7cf1a666bf5da226acb7a5c3cc558f2ba0350f43062d56	20a405a93c829811af7cf1a666bf5da226acb7a5c3cc558f2ba0350f43062d56	unchanged
guides/part-09-coreai-compression-numerics/references/01-quantization.md	### 19.5 Consolidated footguns	3696	ef41e6fefab87d787b55d5121530a43506c2ac6ccede8b84f3ec8db17bd6deb3	ef41e6fefab87d787b55d5121530a43506c2ac6ccede8b84f3ec8db17bd6deb3	unchanged
guides/part-09-coreai-compression-numerics/references/01-quantization.md	### 19.6 Dev commands	3728	e46057306ba310703f27499050c8223e554b93c0aa74e89bbabe4493011ac166	e46057306ba310703f27499050c8223e554b93c0aa74e89bbabe4493011ac166	unchanged
guides/part-09-coreai-compression-numerics/references/01-quantization.md	### 19.7 Small native fixtures for the 0.3.0 lifecycle	3753	4a1c309ccb8cea7ca0415f67b6e024ea7abed177bb2d679b90bd638e4ff4db07	3a249119515452e1f764c543661d52be455f6042fcf5b1a9994ce898ad9d18d8	changed
guides/part-09-coreai-compression-numerics/references/01-quantization.md	## 20. Sources and evidence ledger	4057	5ef3c94add7a10a41d4a628ff01eb1777247e558aceb95a69a46f7e62e576812	5ef3c94add7a10a41d4a628ff01eb1777247e558aceb95a69a46f7e62e576812	unchanged
guides/part-09-coreai-compression-numerics/references/01-quantization.md	### 20.1 What was read, and how strongly it counts	4059	dbbfda4fc4b4377ee8e9e646aa92780104b500cbb085ac2c45b10cea7887e6f5	dbbfda4fc4b4377ee8e9e646aa92780104b500cbb085ac2c45b10cea7887e6f5	unchanged
guides/part-09-coreai-compression-numerics/references/01-quantization.md	### 20.2 Where sources disagreed, and how this guide ruled	4117	4b8073f0f8d59897ecb1f165bcb76309a752ac88885b50fdee74351176bff43a	4b8073f0f8d59897ecb1f165bcb76309a752ac88885b50fdee74351176bff43a	unchanged
guides/part-09-coreai-compression-numerics/references/01-quantization.md	### 20.3 Declared gaps — nothing is guessed inside any of these	4130	5d9233a7797c8869c8566e5bc436814b1bb478bc1fa8dc1aa975a7c498d007d3	5d9233a7797c8869c8566e5bc436814b1bb478bc1fa8dc1aa975a7c498d007d3	unchanged
guides/part-09-coreai-compression-numerics/references/01-quantization.md	### 20.4 Release versus later main	4150	7ab29381e6c5804b3450ecc7c36aef85572e7824be5ddaad8ef067630d3e2243	7ab29381e6c5804b3450ecc7c36aef85572e7824be5ddaad8ef067630d3e2243	unchanged
guides/part-09-coreai-compression-numerics/references/01-quantization.md	### 20.5 Cross-links	4168	a698af7c3b2d825a760e7d1dc8541ff552da9b2f3b2fcb0b5096cdedd5badbc6	a698af7c3b2d825a760e7d1dc8541ff552da9b2f3b2fcb0b5096cdedd5badbc6	unchanged
guides/part-09-coreai-compression-numerics/references/02-palettization-pruning-and-joint.md	(preamble)	1	e3b0c44298fc1c149afbf4c8996fb92427ae41e4649b934ca495991b7852b855	e3b0c44298fc1c149afbf4c8996fb92427ae41e4649b934ca495991b7852b855	unchanged
guides/part-09-coreai-compression-numerics/references/02-palettization-pruning-and-joint.md	# Palettization, pruning, joint compression, and mixed precision	1	7df4a635a995f7e112db5803f8c547aa0f420a663a802ebad4903994a650f036	7df4a635a995f7e112db5803f8c547aa0f420a663a802ebad4903994a650f036	unchanged
guides/part-09-coreai-compression-numerics/references/02-palettization-pruning-and-joint.md	## What this covers	38	767d3f995a8827507084130bc368e17f5c2fe8bf86a4ac4ffc81e9d2e5bf7af2	767d3f995a8827507084130bc368e17f5c2fe8bf86a4ac4ffc81e9d2e5bf7af2	unchanged
guides/part-09-coreai-compression-numerics/references/02-palettization-pruning-and-joint.md	## What this does *not* cover	74	6f3f739e3b9e42f4df418f79c2a3afdbdc75c0998fe07ceb5389856dde3a917a	6f3f739e3b9e42f4df418f79c2a3afdbdc75c0998fe07ceb5389856dde3a917a	unchanged
guides/part-09-coreai-compression-numerics/references/02-palettization-pruning-and-joint.md	## What you need	87	64f150b628e13378844e4d6c279ae7541cd4ba2da60f3b8f6c1c90b575974e4e	64f150b628e13378844e4d6c279ae7541cd4ba2da60f3b8f6c1c90b575974e4e	unchanged
guides/part-09-coreai-compression-numerics/references/02-palettization-pruning-and-joint.md	## Contents	110	0985fa3d77db9bb180ccacfc70c35d6d274f629b1fbd83199e5bd7dee6a86026	0985fa3d77db9bb180ccacfc70c35d6d274f629b1fbd83199e5bd7dee6a86026	unchanged
guides/part-09-coreai-compression-numerics/references/02-palettization-pruning-and-joint.md	## 1. Lookup tables are a different idea, and the ANE is why	137	4d0fcfb958e31c8ff424fb26c7747e59ba5bb0dbb1807ceb3460e0aecec2b49e	4d0fcfb958e31c8ff424fb26c7747e59ba5bb0dbb1807ceb3460e0aecec2b49e	unchanged
guides/part-09-coreai-compression-numerics/references/02-palettization-pruning-and-joint.md	### 1.1 Two families, one API	139	cd76a3ce851927febf332d5bb3a027622152ed1596daa77cb6a1f92982b43b99	cd76a3ce851927febf332d5bb3a027622152ed1596daa77cb6a1f92982b43b99	unchanged
guides/part-09-coreai-compression-numerics/references/02-palettization-pruning-and-joint.md	### 1.2 Why lookup tables suit the Neural Engine	213	c427be0514a99eff066a798998108a78b2347aad11df5e15fbc51a9e8026173f	c427be0514a99eff066a798998108a78b2347aad11df5e15fbc51a9e8026173f	unchanged
guides/part-09-coreai-compression-numerics/references/02-palettization-pruning-and-joint.md	### 1.3 The strongest evidence: Apple's shipped presets split by platform	264	99f2a5c13de66ccae0ea5e1aa00e4eb2bd1995beaa9df5895141f1bf08255109	99f2a5c13de66ccae0ea5e1aa00e4eb2bd1995beaa9df5895141f1bf08255109	unchanged
guides/part-09-coreai-compression-numerics/references/02-palettization-pruning-and-joint.md	### 1.4 Where palettization sits in the pipeline	293	1c3b8890f2d65a6b24e266cb4948f9835fd0cd25001737e253154b4a4b42d05f	1c3b8890f2d65a6b24e266cb4948f9835fd0cd25001737e253154b4a4b42d05f	unchanged
guides/part-09-coreai-compression-numerics/references/02-palettization-pruning-and-joint.md	## 2. The palettizer in eight lines	326	2d9a06e047460f810448b4219bebb805cc785b30775457d37d5090ea298535bb	2d9a06e047460f810448b4219bebb805cc785b30775457d37d5090ea298535bb	unchanged
guides/part-09-coreai-compression-numerics/references/02-palettization-pruning-and-joint.md	### 2.1 The minimum viable palettization	328	17228fa355fb8546f260d9a97981ff0fbeb7d2bc56c2e1bc80c690fb73361e9c	17228fa355fb8546f260d9a97981ff0fbeb7d2bc56c2e1bc80c690fb73361e9c	unchanged
guides/part-09-coreai-compression-numerics/references/02-palettization-pruning-and-joint.md	### 2.2 The preset roster, and what `w4()` expands to	394	2a08c414b6e53495858f9d5afdabcdc3198bc204d0411d689e04d0845e4b7a57	2a08c414b6e53495858f9d5afdabcdc3198bc204d0411d689e04d0845e4b7a57	unchanged
guides/part-09-coreai-compression-numerics/references/02-palettization-pruning-and-joint.md	### 2.3 The vendored `_kmeans1d` dependency, and why your build box needs a compiler	448	87ce84cbc8c5a0d3051da36d8dd44402ef342ea0cb01f62d5f6b2b037c912142	87ce84cbc8c5a0d3051da36d8dd44402ef342ea0cb01f62d5f6b2b037c912142	unchanged
guides/part-09-coreai-compression-numerics/references/02-palettization-pruning-and-joint.md	### 2.4 `prepare()` mutates in place, and eager mode makes that worse	488	4c414b5db6b125d02f770434567788d4e9120bf93be17c23ea8a9c89b01e676d	4c414b5db6b125d02f770434567788d4e9120bf93be17c23ea8a9c89b01e676d	unchanged
guides/part-09-coreai-compression-numerics/references/02-palettization-pruning-and-joint.md	### 2.5 The two default state keys, and the weight-only enforcement	517	5aa197f1ebc490da73e5adbf4545f982fab62de6451001bfa49be294e57516cf	5aa197f1ebc490da73e5adbf4545f982fab62de6451001bfa49be294e57516cf	unchanged
guides/part-09-coreai-compression-numerics/references/02-palettization-pruning-and-joint.md	### 2.6 Which ops are palettizable	544	dbb8c0f8fc438b6eaef7dcdb9796e8ccb2482ffe74e1fbc289dab48ffd0e49a1	dbb8c0f8fc438b6eaef7dcdb9796e8ccb2482ffe74e1fbc289dab48ffd0e49a1	unchanged
guides/part-09-coreai-compression-numerics/references/02-palettization-pruning-and-joint.md	## 3. `PalettizationSpec`: six fields, and what each one costs	592	aee71f97cc20c1f843c15e1973de6701f938f00e1c293ca96fde63c56eafd985	aee71f97cc20c1f843c15e1973de6701f938f00e1c293ca96fde63c56eafd985	unchanged
guides/part-09-coreai-compression-numerics/references/02-palettization-pruning-and-joint.md	### 3.1 `n_bits` — six legal values, and two conspicuous absences	621	9338dfeaa821900ab30ae0c52eb4d36ea12012ec05877f013e29ce4f139776cc	9338dfeaa821900ab30ae0c52eb4d36ea12012ec05877f013e29ce4f139776cc	unchanged
guides/part-09-coreai-compression-numerics/references/02-palettization-pruning-and-joint.md	### 3.2 `granularity` — two classes, not three	642	d7a8df792ad61c1409d7748eb29b7ab529f752ee4cc47739a590b9a12eafa0e0	d7a8df792ad61c1409d7748eb29b7ab529f752ee4cc47739a590b9a12eafa0e0	unchanged
guides/part-09-coreai-compression-numerics/references/02-palettization-pruning-and-joint.md	### 3.3 `cluster_dim` — the fractional-bit lever	692	6cd22200f488b36142117f9b1a7a558d32a6135d939e0b11bc126744ab8ebdb3	6cd22200f488b36142117f9b1a7a558d32a6135d939e0b11bc126744ab8ebdb3	unchanged
guides/part-09-coreai-compression-numerics/references/02-palettization-pruning-and-joint.md	### 3.4 `enable_per_channel_scale` — the field with the trap	709	839777afd9fa3807291820222515ecf74790a8862d3f24744b1b3a973e326d03	839777afd9fa3807291820222515ecf74790a8862d3f24744b1b3a973e326d03	unchanged
guides/part-09-coreai-compression-numerics/references/02-palettization-pruning-and-joint.md	### 3.5 `lut_qspec` — quantizing the palette	721	bb7ce8a1aa4a3193d109fbe214ab840e872c6a2d8f7036fd7e0ee9f461aaae34	bb7ce8a1aa4a3193d109fbe214ab840e872c6a2d8f7036fd7e0ee9f461aaae34	unchanged
guides/part-09-coreai-compression-numerics/references/02-palettization-pruning-and-joint.md	### 3.6 The two module-level fields that are not on the spec	732	5bfa1f73d035b14699665c5204704e31646f3d1f8de847a17548dba323dd1d55	5bfa1f73d035b14699665c5204704e31646f3d1f8de847a17548dba323dd1d55	unchanged
guides/part-09-coreai-compression-numerics/references/02-palettization-pruning-and-joint.md	### 3.7 The config hierarchy is the same one you already know	752	70e544ba55cd8c1d1e323ebac93d04864e1d13b01014813b6f78bc83613bd405	70e544ba55cd8c1d1e323ebac93d04864e1d13b01014813b6f78bc83613bd405	unchanged
guides/part-09-coreai-compression-numerics/references/02-palettization-pruning-and-joint.md	## 4. The three schemes, with diagrams	803	bd24bbf67502fd6c402ff786d02ac70fee1712886ab311fb949404ea67ac57c5	bd24bbf67502fd6c402ff786d02ac70fee1712886ab311fb949404ea67ac57c5	unchanged
guides/part-09-coreai-compression-numerics/references/02-palettization-pruning-and-joint.md	### 4.1 Scheme 1 — scalar palettization, per tensor	811	a0055f38eccd6e1df839b4e1cdf1d32cbf5f230e08054ebf3761558794ce46b1	a0055f38eccd6e1df839b4e1cdf1d32cbf5f230e08054ebf3761558794ce46b1	unchanged
guides/part-09-coreai-compression-numerics/references/02-palettization-pruning-and-joint.md	### 4.2 Scheme 2 — scalar palettization, per grouped channel	842	11f55149580f29bf8c682f9a817ebe3c53e101ab8e1c80d0a43544948e474527	11f55149580f29bf8c682f9a817ebe3c53e101ab8e1c80d0a43544948e474527	unchanged
guides/part-09-coreai-compression-numerics/references/02-palettization-pruning-and-joint.md	### 4.3 Scheme 3 — vector palettization	882	4db33894073742a27101d5ec8cca63128c654b73f48425dbe98c8afa6e3376a7	4db33894073742a27101d5ec8cca63128c654b73f48425dbe98c8afa6e3376a7	unchanged
guides/part-09-coreai-compression-numerics/references/02-palettization-pruning-and-joint.md	### 4.4 The LUT tensor shape contract	936	0aaacc5d24e8f4068b0974ae1cec2fe7bcb26ac5edc715d5720e1eefc0176a00	0aaacc5d24e8f4068b0974ae1cec2fe7bcb26ac5edc715d5720e1eefc0176a00	unchanged
guides/part-09-coreai-compression-numerics/references/02-palettization-pruning-and-joint.md	## 5. ⚠️ The ANE rank-5 ceiling	970	68b8f4c5acaa25f0185f462a73ad233815bd72422eb65ea6cdb8622295faa790	68b8f4c5acaa25f0185f462a73ad233815bd72422eb65ea6cdb8622295faa790	unchanged
guides/part-09-coreai-compression-numerics/references/02-palettization-pruning-and-joint.md	### 5.1 The rule	976	f4d0fb91e9cf96456d72e84c90c4ae6e8bf474e1afce7dec53502917a80c4254	f4d0fb91e9cf96456d72e84c90c4ae6e8bf474e1afce7dec53502917a80c4254	unchanged
guides/part-09-coreai-compression-numerics/references/02-palettization-pruning-and-joint.md	### 5.2 The contradiction	988	413d5a8940265f654ac22383066c56e2d930027aa2af42a0c8c663dcabe2bbb2	413d5a8940265f654ac22383066c56e2d930027aa2af42a0c8c663dcabe2bbb2	unchanged
guides/part-09-coreai-compression-numerics/references/02-palettization-pruning-and-joint.md	### 5.3 The rank arithmetic, and why you cannot reshape your way out	1059	5f85de6ac4a560464fafa569de8ea236b70c887c9d7656e0288d8476a84f2feb	5f85de6ac4a560464fafa569de8ea236b70c887c9d7656e0288d8476a84f2feb	unchanged
guides/part-09-coreai-compression-numerics/references/02-palettization-pruning-and-joint.md	### 5.4 The other lever the SAM3 recipe used instead	1138	51aeb21f5385d3a996a0d9f852864e9e4a83c77c0cd0b9f4211f0ac94e650392	51aeb21f5385d3a996a0d9f852864e9e4a83c77c0cd0b9f4211f0ac94e650392	unchanged
guides/part-09-coreai-compression-numerics/references/02-palettization-pruning-and-joint.md	## 6. Sizing: what a bit-width actually buys	1190	84c43f1bec73ce0540052aec757a321ef6d6a36a0dd47c7b68101f05e9decb1d	84c43f1bec73ce0540052aec757a321ef6d6a36a0dd47c7b68101f05e9decb1d	unchanged
guides/part-09-coreai-compression-numerics/references/02-palettization-pruning-and-joint.md	### 6.1 The formula	1195	783d88a88fa18ab915a18fe2f3492b913a6901916822e58e09a5439ae65b9a4e	783d88a88fa18ab915a18fe2f3492b913a6901916822e58e09a5439ae65b9a4e	unchanged
guides/part-09-coreai-compression-numerics/references/02-palettization-pruning-and-joint.md	### 6.2 Worked: a `[512, 1024]` Linear at every setting	1218	d8d9f3d4ada8ce19e370394a8561084fcf87609f67fffecf96b918914135f590	d8d9f3d4ada8ce19e370394a8561084fcf87609f67fffecf96b918914135f590	unchanged
guides/part-09-coreai-compression-numerics/references/02-palettization-pruning-and-joint.md	### 6.3 The group-size decision, stated as a rule	1248	fd7f7d5005ccebb80da3448ddcdcbbe47e46f551fe1e73a4bbaff89285ef9880	fd7f7d5005ccebb80da3448ddcdcbbe47e46f551fe1e73a4bbaff89285ef9880	unchanged
guides/part-09-coreai-compression-numerics/references/02-palettization-pruning-and-joint.md	### 6.4 The embedding asterisk	1270	6d12bb4360b88b0d82ceae4f3c4bfe580088019ebed3bc33cd33da375e5ff2f8	6d12bb4360b88b0d82ceae4f3c4bfe580088019ebed3bc33cd33da375e5ff2f8	unchanged
guides/part-09-coreai-compression-numerics/references/02-palettization-pruning-and-joint.md	## 7. Determinism, workers, and fast k-means mode	1285	642c1e52fcf82a83f4e4a0b56cb5938da3002d549f211e5d6750f95248d41a1b	642c1e52fcf82a83f4e4a0b56cb5938da3002d549f211e5d6750f95248d41a1b	unchanged
guides/part-09-coreai-compression-numerics/references/02-palettization-pruning-and-joint.md	### 7.1 ⚠️ Scalar palettization is reproducible. Vector palettization is not.	1287	f73b37f250ec9ad76eb320febe39af81d01c5439a4ca4bcf420551b642694c51	f73b37f250ec9ad76eb320febe39af81d01c5439a4ca4bcf420551b642694c51	unchanged
guides/part-09-coreai-compression-numerics/references/02-palettization-pruning-and-joint.md	### 7.2 `num_workers` — the wall-clock lever session 325 never mentions	1319	f53724088f731982fbc070e9580aa577342576ad5af6f01445e82411a9794f9d	f53724088f731982fbc070e9580aa577342576ad5af6f01445e82411a9794f9d	unchanged
guides/part-09-coreai-compression-numerics/references/02-palettization-pruning-and-joint.md	### 7.3 `enable_fast_kmeans_mode` rounds your weights, by default	1351	f85f8ca2fe624061faa1263ce6884d9033f63cb30149d25d7786dc6262c2f2ac	f85f8ca2fe624061faa1263ce6884d9033f63cb30149d25d7786dc6262c2f2ac	unchanged
guides/part-09-coreai-compression-numerics/references/02-palettization-pruning-and-joint.md	## 8. Sensitivity-weighted k-means (SqueezeLLM)	1402	601db7cc8e62c97456fcd730bba00acfa07dc97c6e2eb5f4054b2d093c502047	601db7cc8e62c97456fcd730bba00acfa07dc97c6e2eb5f4054b2d093c502047	unchanged
guides/part-09-coreai-compression-numerics/references/02-palettization-pruning-and-joint.md	### 8.1 The API	1417	194f614a478f026754396e349c8fc21d2631a86d8d7e7efe252687b87025974e	194f614a478f026754396e349c8fc21d2631a86d8d7e7efe252687b87025974e	unchanged
guides/part-09-coreai-compression-numerics/references/02-palettization-pruning-and-joint.md	### 8.2 What `calibration_mode()` actually does — and it is a lot	1449	3895b765e167e955a3baa3b24fccf81a7017ec2571c46947eead4586a3a2aaeb	3895b765e167e955a3baa3b24fccf81a7017ec2571c46947eead4586a3a2aaeb	unchanged
guides/part-09-coreai-compression-numerics/references/02-palettization-pruning-and-joint.md	### 8.3 The sensitivity file format	1485	f48240afc0b23ef2bf0cf0e58b7281a7332a4d182bbc7f97f7ce3839a19c351d	f48240afc0b23ef2bf0cf0e58b7281a7332a4d182bbc7f97f7ce3839a19c351d	unchanged
guides/part-09-coreai-compression-numerics/references/02-palettization-pruning-and-joint.md	### 8.4 When it is worth it	1497	447680843d90bf47cb0e118f06a14fef1a31b7eb550228fa99200d6468c7dcaa	447680843d90bf47cb0e118f06a14fef1a31b7eb550228fa99200d6468c7dcaa	unchanged
guides/part-09-coreai-compression-numerics/references/02-palettization-pruning-and-joint.md	## 9. `lut_qspec`: quantizing the palette itself	1521	c13ea0329de8b591ecd494ccc0a917521f5756707aeff7428b33e8752a84a34c	c13ea0329de8b591ecd494ccc0a917521f5756707aeff7428b33e8752a84a34c	unchanged
guides/part-09-coreai-compression-numerics/references/02-palettization-pruning-and-joint.md	### 9.1 The idea	1523	dfcade1e1516f78f3b5675f638595dda7bf29e60e6c620a36f7d0b137f694371	dfcade1e1516f78f3b5675f638595dda7bf29e60e6c620a36f7d0b137f694371	unchanged
guides/part-09-coreai-compression-numerics/references/02-palettization-pruning-and-joint.md	### 9.2 The constraints	1542	e1a461b9a414238ecf041e56cdbe0dba97e045a9518f1635681b6b679758b940	e1a461b9a414238ecf041e56cdbe0dba97e045a9518f1635681b6b679758b940	unchanged
guides/part-09-coreai-compression-numerics/references/02-palettization-pruning-and-joint.md	### 9.3 The CoreML restriction	1575	ce292139e839538508902b90dc38ee2070b93c602c7d1c3780ec084b01daf132	ce292139e839538508902b90dc38ee2070b93c602c7d1c3780ec084b01daf132	unchanged
guides/part-09-coreai-compression-numerics/references/02-palettization-pruning-and-joint.md	## 10. What `finalize()` emits	1605	3ce065c1e9d696b47af5fbf3d30236411f671d50c240658c71d520ed3e2b9ca2	3ce065c1e9d696b47af5fbf3d30236411f671d50c240658c71d520ed3e2b9ca2	unchanged
guides/part-09-coreai-compression-numerics/references/02-palettization-pruning-and-joint.md	### 10.1 The op-chaining table	1607	9daf87c9274c36ca9ec3446b08da63a6c1134ef0dac45a2d90d5df457bf867c6	9daf87c9274c36ca9ec3446b08da63a6c1134ef0dac45a2d90d5df457bf867c6	unchanged
guides/part-09-coreai-compression-numerics/references/02-palettization-pruning-and-joint.md	### 10.2 ⚠️ Eager-only `KMeansPalettizer.finalize(CoreAI)` frees dense weights	1633	f97051d777bbb5eef9c9a1db35986796a8b581a0912dca813b70b612754a0d9e	f97051d777bbb5eef9c9a1db35986796a8b581a0912dca813b70b612754a0d9e	unchanged
guides/part-09-coreai-compression-numerics/references/02-palettization-pruning-and-joint.md	### 10.3 `mmap_dir`	1658	cf94d3c76c2e8053e8b52dea0b94673be949370c05e0d9f3e3eeab4097719761	cf94d3c76c2e8053e8b52dea0b94673be949370c05e0d9f3e3eeab4097719761	unchanged
guides/part-09-coreai-compression-numerics/references/02-palettization-pruning-and-joint.md	### 10.4 The full export chain, end to end	1669	7c2f638432b01dd21fc78ce73ad36ce248a9643b9ab92e990be1e92a2e35c8d6	7c2f638432b01dd21fc78ce73ad36ce248a9643b9ab92e990be1e92a2e35c8d6	unchanged
guides/part-09-coreai-compression-numerics/references/02-palettization-pruning-and-joint.md	## 11. Pruning: the technique nobody presented	1719	3b9e69b5787e3c9fb11546e67c098cdf5d489a43ff15970a219c9fa81c053c84	3b9e69b5787e3c9fb11546e67c098cdf5d489a43ff15970a219c9fa81c053c84	unchanged
guides/part-09-coreai-compression-numerics/references/02-palettization-pruning-and-joint.md	### 11.1 The verdict, first	1729	9c02ca6cab8d737fa86ad0a78bf87470228176ccd9583e90f3ade7644ad79167	9c02ca6cab8d737fa86ad0a78bf87470228176ccd9583e90f3ade7644ad79167	unchanged
guides/part-09-coreai-compression-numerics/references/02-palettization-pruning-and-joint.md	### 11.2 The API	1765	e632b5bdfde944d0889a420b7026d1c02225699ea2a3fc1d93c8e8853c0c2d93	e632b5bdfde944d0889a420b7026d1c02225699ea2a3fc1d93c8e8853c0c2d93	unchanged
guides/part-09-coreai-compression-numerics/references/02-palettization-pruning-and-joint.md	### 11.3 `PruningSpec` and the two schemes	1796	49ab86675f1aa764ad1b2c47c2d87af6febc1eb7a8ab36a7438cee098f3a26b2	49ab86675f1aa764ad1b2c47c2d87af6febc1eb7a8ab36a7438cee098f3a26b2	unchanged
guides/part-09-coreai-compression-numerics/references/02-palettization-pruning-and-joint.md	### 11.4 ⚠️ Realized sparsity rounds *down*, and it can round to zero	1864	570dc08ef3ad6633f324cf3a2dbfd63ae8797be9c8ea4f47529ee5c81c3d42e6	570dc08ef3ad6633f324cf3a2dbfd63ae8797be9c8ea4f47529ee5c81c3d42e6	unchanged
guides/part-09-coreai-compression-numerics/references/02-palettization-pruning-and-joint.md	### 11.5 Schedules	1888	41f3384e62b6d82f58e741bb0974cfc5bec884844f460ff29c5d1b560257e7e8	41f3384e62b6d82f58e741bb0974cfc5bec884844f460ff29c5d1b560257e7e8	unchanged
guides/part-09-coreai-compression-numerics/references/02-palettization-pruning-and-joint.md	### 11.6 The fine-tuning loop	1947	329608194ea24300ea4b95e174401e49e6d82ecf92c03b502cef260444c05243	329608194ea24300ea4b95e174401e49e6d82ecf92c03b502cef260444c05243	unchanged
guides/part-09-coreai-compression-numerics/references/02-palettization-pruning-and-joint.md	### 11.7 Configuration	1986	00b3877a2f1aa863e3d4b8d45b6d42d3d7dc9e709b35199f3b1472156c8d9801	00b3877a2f1aa863e3d4b8d45b6d42d3d7dc9e709b35199f3b1472156c8d9801	unchanged
guides/part-09-coreai-compression-numerics/references/02-palettization-pruning-and-joint.md	### 11.8 🔴 The gap that should govern your decision	2034	dad88d2aa2771ec92207691a3917f6baaa362bc0013d8e61c05bca4d5f17411d	dad88d2aa2771ec92207691a3917f6baaa362bc0013d8e61c05bca4d5f17411d	unchanged
guides/part-09-coreai-compression-numerics/references/02-palettization-pruning-and-joint.md	## 12. Program-level compression: `palettize_weights` and `sparsify_weights`	2058	2f5769d157de8d258d777e21937678794b63f906d87f235a7bb1a028a9805d5a	2f5769d157de8d258d777e21937678794b63f906d87f235a7bb1a028a9805d5a	unchanged
guides/part-09-coreai-compression-numerics/references/02-palettization-pruning-and-joint.md	### 12.1 `palettize_weights`	2101	bcc70acc5f7f6e4af5eb8fb7ffc53199b78017567751d8fbcda8def1d399fa51	bcc70acc5f7f6e4af5eb8fb7ffc53199b78017567751d8fbcda8def1d399fa51	unchanged
guides/part-09-coreai-compression-numerics/references/02-palettization-pruning-and-joint.md	### 12.2 `sparsify_weights` — the pruning features the PyTorch path does not have	2171	6851b13076a7c2c021d559d970675e932db505d3ccdabb9a16ff4a88f9aba12a	6851b13076a7c2c021d559d970675e932db505d3ccdabb9a16ff4a88f9aba12a	unchanged
guides/part-09-coreai-compression-numerics/references/02-palettization-pruning-and-joint.md	## 13. Joint compression	2230	e55037a5d58aa7d6b80ff04bf839b6c291a473099f20bc7ddc9e0253e18b5ee3	e55037a5d58aa7d6b80ff04bf839b6c291a473099f20bc7ddc9e0253e18b5ee3	unchanged
guides/part-09-coreai-compression-numerics/references/02-palettization-pruning-and-joint.md	### 13.1 The three rules	2235	c19878c5ec2c7ebf67fdfa2faf72b1a6a4ad59711b1cecae1ba8f6c5f4a8533e	c19878c5ec2c7ebf67fdfa2faf72b1a6a4ad59711b1cecae1ba8f6c5f4a8533e	unchanged
guides/part-09-coreai-compression-numerics/references/02-palettization-pruning-and-joint.md	### 13.2 The complete flow	2268	88a02ec055c0427fb6318bb2052bd95d3c42229a11601d55c335ef7e77e30724	88a02ec055c0427fb6318bb2052bd95d3c42229a11601d55c335ef7e77e30724	unchanged
guides/part-09-coreai-compression-numerics/references/02-palettization-pruning-and-joint.md	### 13.3 What it costs, measured by Apple	2337	5b036273dbb98fc0b2ce18204102493df3c764a0a82275079a822ce1734b2ef9	5b036273dbb98fc0b2ce18204102493df3c764a0a82275079a822ce1734b2ef9	unchanged
guides/part-09-coreai-compression-numerics/references/02-palettization-pruning-and-joint.md	### 13.4 Things that go wrong	2366	df7977618aa1e48c9aceff9fd6f7a3972be65aea487f320a69761bd1b3065612	df7977618aa1e48c9aceff9fd6f7a3972be65aea487f320a69761bd1b3065612	unchanged
guides/part-09-coreai-compression-numerics/references/02-palettization-pruning-and-joint.md	## 14. Mixed precision	2386	d7334ac428097f1f061773da3706b4948495e1c5a2b6b7eee0fb8508b606b94c	d7334ac428097f1f061773da3706b4948495e1c5a2b6b7eee0fb8508b606b94c	unchanged
guides/part-09-coreai-compression-numerics/references/02-palettization-pruning-and-joint.md	### 14.1 The result that makes the case	2397	941457ad05c1ce2640a3bad4a7a00220aeb1c5a384cbe69d562923e150cadc29	941457ad05c1ce2640a3bad4a7a00220aeb1c5a384cbe69d562923e150cadc29	unchanged
guides/part-09-coreai-compression-numerics/references/02-palettization-pruning-and-joint.md	### 14.2 The workflow	2458	0f20e3d89af64b0951fd3a8d825d76a7162379fba64a76e54affc9930b1dfa96	0f20e3d89af64b0951fd3a8d825d76a7162379fba64a76e54affc9930b1dfa96	unchanged
guides/part-09-coreai-compression-numerics/references/02-palettization-pruning-and-joint.md	### 14.3 Writing the sweep yourself	2488	fa33c6836f5d3d96492306531941b626992d6dff446d97080eb48f79cb69518c	fa33c6836f5d3d96492306531941b626992d6dff446d97080eb48f79cb69518c	unchanged
guides/part-09-coreai-compression-numerics/references/02-palettization-pruning-and-joint.md	### 14.4 Apple's shipped mixed-precision configs	2638	22669d53b14914310ade8c79ee1711d37a738506c83a9bc2bb10290fb1d33ddf	22669d53b14914310ade8c79ee1711d37a738506c83a9bc2bb10290fb1d33ddf	unchanged
guides/part-09-coreai-compression-numerics/references/02-palettization-pruning-and-joint.md	### 14.5 Writing the YAML	2679	a1d33c5c3948444b054a9f0e8fd56615ecf737137ccfb2adc4ff02d24ed83d7a	a1d33c5c3948444b054a9f0e8fd56615ecf737137ccfb2adc4ff02d24ed83d7a	unchanged
guides/part-09-coreai-compression-numerics/references/02-palettization-pruning-and-joint.md	## 15. Choosing per layer: the sweep, the Debugger, and SAM3	2741	97f4d6f70a5d0e0a42089e2f4534b8cc0818322eb05e9406c1339dc206477a46	97f4d6f70a5d0e0a42089e2f4534b8cc0818322eb05e9406c1339dc206477a46	unchanged
guides/part-09-coreai-compression-numerics/references/02-palettization-pruning-and-joint.md	### 15.1 The SAM3 diagnosis, and why it belongs here	2755	cc81cab2d4a1552591c3db67d5e923f01a6128ff99b8559bbc9c3ce6bf80280d	cc81cab2d4a1552591c3db67d5e923f01a6128ff99b8559bbc9c3ce6bf80280d	unchanged
guides/part-09-coreai-compression-numerics/references/02-palettization-pruning-and-joint.md	### 15.2 The three-function split also selects `coreai-models`’ ANE preference	2792	46d7fb6d56ba461b762a001e6151d71037663293dd0f1b234797035efa09fc51	46d7fb6d56ba461b762a001e6151d71037663293dd0f1b234797035efa09fc51	unchanged
guides/part-09-coreai-compression-numerics/references/02-palettization-pruning-and-joint.md	### 15.3 Apple's `model-compression-exploration` skill	2814	77921ef5854af7aa23555a4836f836bc34f1be39107a3ac0607036fe42df67ea	77921ef5854af7aa23555a4836f836bc34f1be39107a3ac0607036fe42df67ea	unchanged
guides/part-09-coreai-compression-numerics/references/02-palettization-pruning-and-joint.md	### 15.4 The `.aimodel` is a build artefact, not a pure function of the recipe	2892	d8ecfec025a55cd352c32f6321fd20fe35a7dc1ba746f37cc7e0734dfda34761	d8ecfec025a55cd352c32f6321fd20fe35a7dc1ba746f37cc7e0734dfda34761	unchanged
guides/part-09-coreai-compression-numerics/references/02-palettization-pruning-and-joint.md	### 15.5 Hand-off to the Debugger	2905	8725f591356bbf58e408ad341407c3dfd000ff4c4f02039eee09587391d57f98	8725f591356bbf58e408ad341407c3dfd000ff4c4f02039eee09587391d57f98	unchanged
guides/part-09-coreai-compression-numerics/references/02-palettization-pruning-and-joint.md	### 15.6 Inspection and analytical BPW in 0.3.0	2955	b686786a4c7dced9494fa120606f10b947fbe190658a3fd540fa599b3afea63c	b686786a4c7dced9494fa120606f10b947fbe190658a3fd540fa599b3afea63c	unchanged
guides/part-09-coreai-compression-numerics/references/02-palettization-pruning-and-joint.md	## 16. Apple's PSNR acceptance gates	2966	0f61fef6d0bf3ecea960c4376e8da39b60987d9e71c75e45711cb4b3e9bd4f77	0f61fef6d0bf3ecea960c4376e8da39b60987d9e71c75e45711cb4b3e9bd4f77	unchanged
guides/part-09-coreai-compression-numerics/references/02-palettization-pruning-and-joint.md	### 16.1 The authoring gates	2973	68f06f9a37e4eadebe9bef7f333c4414e4daa5b18b111ed11a6edfcbd3bb970a	68f06f9a37e4eadebe9bef7f333c4414e4daa5b18b111ed11a6edfcbd3bb970a	unchanged
guides/part-09-coreai-compression-numerics/references/02-palettization-pruning-and-joint.md	### 16.2 The sizing table that goes with them	3002	168bdad826494e6861e3c311c5b2400b015317d0d79466122ae9b757d5c6c495	168bdad826494e6861e3c311c5b2400b015317d0d79466122ae9b757d5c6c495	unchanged
guides/part-09-coreai-compression-numerics/references/02-palettization-pruning-and-joint.md	### 16.3 Using them	3027	121b4dbad4fd342de713a9600c6b22a4eb02b40c0a1fbc326e7ed20f4e8f7e28	121b4dbad4fd342de713a9600c6b22a4eb02b40c0a1fbc326e7ed20f4e8f7e28	unchanged
guides/part-09-coreai-compression-numerics/references/02-palettization-pruning-and-joint.md	### 16.4 The gate that is not a PSNR gate	3068	679eae9ef95626571f39da0f9d45cc03e4c271086be5884df9f31ef647c55881	679eae9ef95626571f39da0f9d45cc03e4c271086be5884df9f31ef647c55881	unchanged
guides/part-09-coreai-compression-numerics/references/02-palettization-pruning-and-joint.md	## 17. Community-measured findings, labelled	3084	856bb18483e8ed39edbc30684c44483e839d3115a8749007a797d467351b4e75	856bb18483e8ed39edbc30684c44483e839d3115a8749007a797d467351b4e75	unchanged
guides/part-09-coreai-compression-numerics/references/02-palettization-pruning-and-joint.md	### 17.1 Dense int4 k-means: what the archive actually found	3092	19802866cc46ddf368ce480403e6bcee821ec444f764c32e879c70d2ac0ad7e0	19802866cc46ddf368ce480403e6bcee821ec444f764c32e879c70d2ac0ad7e0	unchanged
guides/part-09-coreai-compression-numerics/references/02-palettization-pruning-and-joint.md	### 17.2 Boundary layers	3173	32ae524df8724762281c50eb1ec1c0124d765672417ab90f06f407ce5d2c8f07	32ae524df8724762281c50eb1ec1c0124d765672417ab90f06f407ce5d2c8f07	unchanged
guides/part-09-coreai-compression-numerics/references/02-palettization-pruning-and-joint.md	### 17.3 The free 1.7× that everyone leaves on the table	3183	ccb70da70ca4e857edfafc16d11ad08a5bab42fc70edac56bd80d356b43afe45	ccb70da70ca4e857edfafc16d11ad08a5bab42fc70edac56bd80d356b43afe45	unchanged
guides/part-09-coreai-compression-numerics/references/02-palettization-pruning-and-joint.md	### 17.4 Palettization composes with stateful export, with an ordering rule	3230	7b4161ced1ddf703ace1be124f1ff07f237d49420dac8817b471d49fc52f1328	7b4161ced1ddf703ace1be124f1ff07f237d49420dac8817b471d49fc52f1328	unchanged
guides/part-09-coreai-compression-numerics/references/02-palettization-pruning-and-joint.md	### 17.5 A beta bug worth knowing about	3240	db88867d7782a5132e4eb06dc3f3eb38261cbb803451cc8a4d9d2d360c287b26	db88867d7782a5132e4eb06dc3f3eb38261cbb803451cc8a4d9d2d360c287b26	unchanged
guides/part-09-coreai-compression-numerics/references/02-palettization-pruning-and-joint.md	## 18. The worked examples the repo ships	3256	0742ef2344e06849c51e4b2f0fe029f493c03d8a4c3be8a97bf472c7680ab875	0742ef2344e06849c51e4b2f0fe029f493c03d8a4c3be8a97bf472c7680ab875	unchanged
guides/part-09-coreai-compression-numerics/references/02-palettization-pruning-and-joint.md	### 18.1 The four MNIST notebooks	3265	05ff9b132e681c5bbf24c8b8b631df81e66bbbb37279a3b98d4b10e1b25ac600	05ff9b132e681c5bbf24c8b8b631df81e66bbbb37279a3b98d4b10e1b25ac600	unchanged
guides/part-09-coreai-compression-numerics/references/02-palettization-pruning-and-joint.md	### 18.2 The four example pages	3323	aa2a10c11bd2e5cc44d7f77fef42d39107448112fad4b203927ea8d9a31fb651	aa2a10c11bd2e5cc44d7f77fef42d39107448112fad4b203927ea8d9a31fb651	unchanged
guides/part-09-coreai-compression-numerics/references/02-palettization-pruning-and-joint.md	### 18.3 The test suite as documentation	3372	32ba5af70a6b44e2f8923ae9b59d53b2866724eebcb5ff3c9d4b7ef27bd85a24	32ba5af70a6b44e2f8923ae9b59d53b2866724eebcb5ff3c9d4b7ef27bd85a24	unchanged
guides/part-09-coreai-compression-numerics/references/02-palettization-pruning-and-joint.md	## 19. ⚠️ Silent failures, consolidated	3396	7c59564bb0645be7ae9e52305ee56c702d7a2598089bb3e3bf5fc911187faaab	7c59564bb0645be7ae9e52305ee56c702d7a2598089bb3e3bf5fc911187faaab	unchanged
guides/part-09-coreai-compression-numerics/references/02-palettization-pruning-and-joint.md	### 19.1 A group size your weight is not divisible by leaves the layer uncompressed	3402	5fb61af9817b5d8b2ec918dd21071ca301ecee39c36cff313e63e0d34b18a9a6	5fb61af9817b5d8b2ec918dd21071ca301ecee39c36cff313e63e0d34b18a9a6	unchanged
guides/part-09-coreai-compression-numerics/references/02-palettization-pruning-and-joint.md	### 19.2 `enable_per_channel_scale=True` moves your model off the Neural Engine	3441	fa13a77b2cace316f1e7f166e5df556e8fb83ac2d9218e92c2f55cb8a7238e55	fa13a77b2cace316f1e7f166e5df556e8fb83ac2d9218e92c2f55cb8a7238e55	unchanged
guides/part-09-coreai-compression-numerics/references/02-palettization-pruning-and-joint.md	### 19.3 Eager-only `KMeansPalettizer.finalize(CoreAI)` frees dense weights irreversibly	3446	a7833ad5ebb9629a3ef4a9037320290d1f774aa7d380ac7a94a475a46f1dac72	a7833ad5ebb9629a3ef4a9037320290d1f774aa7d380ac7a94a475a46f1dac72	unchanged
guides/part-09-coreai-compression-numerics/references/02-palettization-pruning-and-joint.md	### 19.4 Vector palettization produces a different model every run	3453	f429ba68811d5261e003a5ab0df77bc7bad6babe091f1ca917912deccc65c4dc	f429ba68811d5261e003a5ab0df77bc7bad6babe091f1ca917912deccc65c4dc	unchanged
guides/part-09-coreai-compression-numerics/references/02-palettization-pruning-and-joint.md	### 19.5 Channel-structured pruning can silently prune zero channels	3459	b71c1523e9148aa945e3e2882d0e777e439318edcf454891c04ebba7fad690c0	b71c1523e9148aa945e3e2882d0e777e439318edcf454891c04ebba7fad690c0	unchanged
guides/part-09-coreai-compression-numerics/references/02-palettization-pruning-and-joint.md	### 19.6 Joint compression without `lut_qspec` buys you no speed	3464	1d669e5c5e936443fa0a681f744b8ab8a5e57000ef881cf383fd018e23ea089f	1d669e5c5e936443fa0a681f744b8ab8a5e57000ef881cf383fd018e23ea089f	unchanged
guides/part-09-coreai-compression-numerics/references/02-palettization-pruning-and-joint.md	### 19.7 Joint compression with the default `op_state_spec` double-compresses weights	3469	e78d551ef83602cc732bd9ac8c4f7d89e8289ae7689d12249fd72aa69bbe87ff	e78d551ef83602cc732bd9ac8c4f7d89e8289ae7689d12249fd72aa69bbe87ff	unchanged
guides/part-09-coreai-compression-numerics/references/02-palettization-pruning-and-joint.md	### 19.8 `--n-bits` on the SAM3 export script overrides *both* encoders	3475	e48c5d54bd21ef6da217d485bcc0acba5c3e88b9d814288daeb1b594d0365ab5	e48c5d54bd21ef6da217d485bcc0acba5c3e88b9d814288daeb1b594d0365ab5	unchanged
guides/part-09-coreai-compression-numerics/references/02-palettization-pruning-and-joint.md	### 19.9 A sweep optimising PSNR will pick the setting that costs you the ANE	3480	d285a37163a75691b4416b425355ec0a7477057b551f6b72ace2710ffd399a20	d285a37163a75691b4416b425355ec0a7477057b551f6b72ace2710ffd399a20	unchanged
guides/part-09-coreai-compression-numerics/references/02-palettization-pruning-and-joint.md	### 19.10 Inherited from quantization, and still true here	3486	b28e78252a8c5a1373b514f237933dfd59fe127323dfceda7f122f8d8eea9bfd	b28e78252a8c5a1373b514f237933dfd59fe127323dfceda7f122f8d8eea9bfd	unchanged
guides/part-09-coreai-compression-numerics/references/02-palettization-pruning-and-joint.md	## 20. Numbers, attributed	3503	fcb2f0b0716765d79ea84ad016a4c58228ab02409667affd208a4b1c6557794d	fcb2f0b0716765d79ea84ad016a4c58228ab02409667affd208a4b1c6557794d	unchanged
guides/part-09-coreai-compression-numerics/references/02-palettization-pruning-and-joint.md	### 20.1 Apple-published	3507	6b666012194b985f76b55c38a2e82919d470d5084b89fab0ebeddf2eed438b5e	6b666012194b985f76b55c38a2e82919d470d5084b89fab0ebeddf2eed438b5e	unchanged
guides/part-09-coreai-compression-numerics/references/02-palettization-pruning-and-joint.md	### 20.2 Community-measured — `notes/repos/john-rocky-models.md`	3532	fc35aba1efd2f1b272604524cf16449216e6fd0cfca093f7661c30232dba5db1	fc35aba1efd2f1b272604524cf16449216e6fd0cfca093f7661c30232dba5db1	unchanged
guides/part-09-coreai-compression-numerics/references/02-palettization-pruning-and-joint.md	### 20.3 What is *not* measured anywhere	3551	651492d5ec4c57f6cb5cecf11ba5591c0118d34ccbfda3bed5aa4264ab8a652c	651492d5ec4c57f6cb5cecf11ba5591c0118d34ccbfda3bed5aa4264ab8a652c	unchanged
guides/part-09-coreai-compression-numerics/references/02-palettization-pruning-and-joint.md	## 21. Quick reference	3566	f692ab0036407b9608fc3f1d191741e93602bf8ab51ccf75ee005d3655d32be9	f692ab0036407b9608fc3f1d191741e93602bf8ab51ccf75ee005d3655d32be9	unchanged
guides/part-09-coreai-compression-numerics/references/02-palettization-pruning-and-joint.md	### 21.1 Imports	3568	eb806727f396e94815a021500ab2162c9333c6fa6b09f228b8f72e0f798bb4c3	eb806727f396e94815a021500ab2162c9333c6fa6b09f228b8f72e0f798bb4c3	unchanged
guides/part-09-coreai-compression-numerics/references/02-palettization-pruning-and-joint.md	### 21.2 The decision table	3605	da1ac9c36fa77689450891f65d3434fe906c3fb8baea88f81a0f654bfd160773	da1ac9c36fa77689450891f65d3434fe906c3fb8baea88f81a0f654bfd160773	unchanged
guides/part-09-coreai-compression-numerics/references/02-palettization-pruning-and-joint.md	### 21.3 Field cheat-sheet	3621	67f048db229b7df82eb7d200dc86bfaafadf6b5448befc5267bcd21bcbecd6c4	67f048db229b7df82eb7d200dc86bfaafadf6b5448befc5267bcd21bcbecd6c4	unchanged
guides/part-09-coreai-compression-numerics/references/02-palettization-pruning-and-joint.md	### 21.4 Legal-value quick check	3653	e91a217de261cbeeb39a801c16c625253ce4d49943d306843f0df2db54a8c469	e91a217de261cbeeb39a801c16c625253ce4d49943d306843f0df2db54a8c469	unchanged
guides/part-09-coreai-compression-numerics/references/02-palettization-pruning-and-joint.md	### 21.5 Pre-flight checklist	3669	bca31d30b2bc38f34153c5b3fbee786e693c57defec5c5e122493f1632d2592d	bca31d30b2bc38f34153c5b3fbee786e693c57defec5c5e122493f1632d2592d	unchanged
guides/part-09-coreai-compression-numerics/references/02-palettization-pruning-and-joint.md	## 22. Sources and evidence ledger	3687	c6167a9627b3eb99b823e6f553df594f21e982153e15b70cf353b1a213cd9278	c6167a9627b3eb99b823e6f553df594f21e982153e15b70cf353b1a213cd9278	unchanged
guides/part-09-coreai-compression-numerics/references/02-palettization-pruning-and-joint.md	### 22.1 Primary — shipped source	3689	6f9ea19e962b1086a4bc0ca6f462cc596a3ce9aeaea39a7ee4190de928de858a	6f9ea19e962b1086a4bc0ca6f462cc596a3ce9aeaea39a7ee4190de928de858a	unchanged
guides/part-09-coreai-compression-numerics/references/02-palettization-pruning-and-joint.md	### 22.2 Primary — Apple's agent skills (vendored in `apple/coreai-models`)	3718	a86d7ec53a8029bc3c594d73c092fd771db3469f571901d5e48b04dd4681be5b	a86d7ec53a8029bc3c594d73c092fd771db3469f571901d5e48b04dd4681be5b	unchanged
guides/part-09-coreai-compression-numerics/references/02-palettization-pruning-and-joint.md	### 22.3 Primary — WWDC26	3734	fb399ffd78b727282f94517dcdee972e78642f77c8273ce853862cc49889e8d6	fb399ffd78b727282f94517dcdee972e78642f77c8273ce853862cc49889e8d6	unchanged
guides/part-09-coreai-compression-numerics/references/02-palettization-pruning-and-joint.md	### 22.4 Community	3743	542b6ffaf7709d7ef34491a65dd088a774eeab11a11a5bcd7bf518128e4e9460	542b6ffaf7709d7ef34491a65dd088a774eeab11a11a5bcd7bf518128e4e9460	unchanged
guides/part-09-coreai-compression-numerics/references/02-palettization-pruning-and-joint.md	### 22.5 What this guide deliberately does not claim	3751	a319b87309cced3526c55b80919ebfa81b23d73e2c2951775a0ebd56072478b9	a319b87309cced3526c55b80919ebfa81b23d73e2c2951775a0ebd56072478b9	unchanged
guides/part-09-coreai-compression-numerics/references/02-palettization-pruning-and-joint.md	### 22.6 Open questions, collected	3767	a17c42a1f36e23f714cf8fdcfa6407322c13848308b2994e43a1f9099bc9be37	a17c42a1f36e23f714cf8fdcfa6407322c13848308b2994e43a1f9099bc9be37	unchanged
guides/part-09-coreai-compression-numerics/references/03-numeric-formats-across-the-stack.md	(preamble)	1	e3b0c44298fc1c149afbf4c8996fb92427ae41e4649b934ca495991b7852b855	e3b0c44298fc1c149afbf4c8996fb92427ae41e4649b934ca495991b7852b855	unchanged
guides/part-09-coreai-compression-numerics/references/03-numeric-formats-across-the-stack.md	# int4 to MX: which layer supports which numeric format	1	cbe2f5c139a2d5679937ce8827cd9dd80329095aace7d59f8f6248e01b8e7b4b	cbe2f5c139a2d5679937ce8827cd9dd80329095aace7d59f8f6248e01b8e7b4b	unchanged
guides/part-09-coreai-compression-numerics/references/03-numeric-formats-across-the-stack.md	## What this covers	32	3ae4d449631bb055f46f163c0aa1e874ec5b4b0f277c7fc57f4b80900a331c8a	3ae4d449631bb055f46f163c0aa1e874ec5b4b0f277c7fc57f4b80900a331c8a	unchanged
guides/part-09-coreai-compression-numerics/references/03-numeric-formats-across-the-stack.md	## What this does *not* cover	87	6b989324dbaef2b11fb4086e211ce89b236a054683d6b63b6ed3a6fd0fedaf42	6b989324dbaef2b11fb4086e211ce89b236a054683d6b63b6ed3a6fd0fedaf42	unchanged
guides/part-09-coreai-compression-numerics/references/03-numeric-formats-across-the-stack.md	## What you need	99	e615d07f4d24ba6e85fd0f73689d8441805316e018d6ef3b43a4242b1079285f	e615d07f4d24ba6e85fd0f73689d8441805316e018d6ef3b43a4242b1079285f	unchanged
guides/part-09-coreai-compression-numerics/references/03-numeric-formats-across-the-stack.md	## Contents	114	15df07156f0a293b6944485d187e585b5b0374b3cffcd61bd80f19372d1abb26	15df07156f0a293b6944485d187e585b5b0374b3cffcd61bd80f19372d1abb26	unchanged
guides/part-09-coreai-compression-numerics/references/03-numeric-formats-across-the-stack.md	## 1. The three sets, and the master matrix	132	65777f43af24e25e31ad4a42647b95a1c027a0f122335736ad65b060a17629c4	65777f43af24e25e31ad4a42647b95a1c027a0f122335736ad65b060a17629c4	unchanged
guides/part-09-coreai-compression-numerics/references/03-numeric-formats-across-the-stack.md	### 1.1 Why a format has three separate lives	134	0934bcc2fe75fba975e27fb9d6bb63333131fa5e83318ae1b0e339734723ffbd	0934bcc2fe75fba975e27fb9d6bb63333131fa5e83318ae1b0e339734723ffbd	unchanged
guides/part-09-coreai-compression-numerics/references/03-numeric-formats-across-the-stack.md	### 1.2 The master matrix	193	e6a081d57423ac3dd04aeaaa3c84dc85df894d65beeb152a71424dbee16b517f	e6a081d57423ac3dd04aeaaa3c84dc85df894d65beeb152a71424dbee16b517f	unchanged
guides/part-09-coreai-compression-numerics/references/03-numeric-formats-across-the-stack.md	### 1.3 The one-sentence rule for each layer	231	de9d5c023c888969a8fba8003de872559d533c8dff0eb0da06fc76414c41fc4b	de9d5c023c888969a8fba8003de872559d533c8dff0eb0da06fc76414c41fc4b	unchanged
guides/part-09-coreai-compression-numerics/references/03-numeric-formats-across-the-stack.md	## 2. `coreai-opt`: the emit set	247	a874018c1d2194285af546fafadffaaceb39e5b554572ff3f341f1e6bcd3b9f5	a874018c1d2194285af546fafadffaaceb39e5b554572ff3f341f1e6bcd3b9f5	unchanged
guides/part-09-coreai-compression-numerics/references/03-numeric-formats-across-the-stack.md	### 2.1 What Apple said on stage, and what the source actually supports	249	6ab675d2c7c2677fa3610cb0b4d65297a81dbb5a9182cb284ef16e68a118a3fb	6ab675d2c7c2677fa3610cb0b4d65297a81dbb5a9182cb284ef16e68a118a3fb	unchanged
guides/part-09-coreai-compression-numerics/references/03-numeric-formats-across-the-stack.md	### 2.2 Physical storage: sub-byte types live in a wider container	281	17f8d5e6af27a40320a70c25e168cf18a9d56c6e9a9986ae43ca9485e215230b	17f8d5e6af27a40320a70c25e168cf18a9d56c6e9a9986ae43ca9485e215230b	unchanged
guides/part-09-coreai-compression-numerics/references/03-numeric-formats-across-the-stack.md	### 2.3 Quantization ranges and the E8M0 scale rule — where MXFP4 comes from	302	3bdd09dfd8f6829f96f7216184f8bf450eddef367638261d4002f48457fbe9ab	3bdd09dfd8f6829f96f7216184f8bf450eddef367638261d4002f48457fbe9ab	unchanged
guides/part-09-coreai-compression-numerics/references/03-numeric-formats-across-the-stack.md	### 2.4 Granularity: the second axis of the emit set	358	6e514a281ea382a174c5bf54d68eefac878cf67762d23c3930f6235a3626fb2a	6e514a281ea382a174c5bf54d68eefac878cf67762d23c3930f6235a3626fb2a	unchanged
guides/part-09-coreai-compression-numerics/references/03-numeric-formats-across-the-stack.md	### 2.5 Palettization: a different vocabulary for a different mechanism	395	9f3e8f8562566ab9e471c7603f4b220fc54771ca2b87e14c2f2be37627c728ca	9f3e8f8562566ab9e471c7603f4b220fc54771ca2b87e14c2f2be37627c728ca	unchanged
guides/part-09-coreai-compression-numerics/references/03-numeric-formats-across-the-stack.md	### 2.6 The MLIR-level emit set is not the same as the PyTorch-level one	452	766febeb50108a03d933d89379982e12506e1102a08f453bf96d0488dbf1ddce	766febeb50108a03d933d89379982e12506e1102a08f453bf96d0488dbf1ddce	unchanged
guides/part-09-coreai-compression-numerics/references/03-numeric-formats-across-the-stack.md	### 2.7 ⚠️ SILENT FAILURE — a block size your weight doesn't divide by leaves the layer at full precision	494	cba99ca061e6528f60c427dce1af1e638bcef9938fb2f2c82964faf3654ab79d	cba99ca061e6528f60c427dce1af1e638bcef9938fb2f2c82964faf3654ab79d	unchanged
guides/part-09-coreai-compression-numerics/references/03-numeric-formats-across-the-stack.md	### 2.8 The CoreML export backend is a strictly smaller set — and it rejects at `finalize()`	570	a0003c161436938bec431f9b16c7a70fd75a5f47add04151867eb93b1ef6b56f	a0003c161436938bec431f9b16c7a70fd75a5f47add04151867eb93b1ef6b56f	unchanged
guides/part-09-coreai-compression-numerics/references/03-numeric-formats-across-the-stack.md	### 2.9 Casting is not compression, and the order matters	607	88ab53334e9e198a65071d925cde3adc38d0b643e84522756f52e610d750b0bc	88ab53334e9e198a65071d925cde3adc38d0b643e84522756f52e610d750b0bc	unchanged
guides/part-09-coreai-compression-numerics/references/03-numeric-formats-across-the-stack.md	### 2.10 The complete `coreai-opt` emit set, on one card	647	e89121ef2c4c052fc2b1c820a4ecfbddd231bdd54346ce9a8aea3d76864556fd	e89121ef2c4c052fc2b1c820a4ecfbddd231bdd54346ce9a8aea3d76864556fd	unchanged
guides/part-09-coreai-compression-numerics/references/03-numeric-formats-across-the-stack.md	## 3. `NDArray.ScalarType`: the store set	665	22dea096f2cfe3e5bfeb3f11dfa860a3146b74f3c12b2da4d127c8f33f1a1968	22dea096f2cfe3e5bfeb3f11dfa860a3146b74f3c12b2da4d127c8f33f1a1968	unchanged
guides/part-09-coreai-compression-numerics/references/03-numeric-formats-across-the-stack.md	### 3.1 The full enum, grouped	667	679814f3df2d9cf723dda60dfa457fc6553aee809b3dfd6864de33cbf270bd84	679814f3df2d9cf723dda60dfa457fc6553aee809b3dfd6864de33cbf270bd84	unchanged
guides/part-09-coreai-compression-numerics/references/03-numeric-formats-across-the-stack.md	### 3.2 🔴 GAP — you cannot read sub-byte data from Swift except as raw bytes	720	3b67099ec3e8ae0313bdbffe97e80773886cb105b3939eb92e24473367ebb4c4	3b67099ec3e8ae0313bdbffe97e80773886cb105b3939eb92e24473367ebb4c4	unchanged
guides/part-09-coreai-compression-numerics/references/03-numeric-formats-across-the-stack.md	### 3.3 Storage is not the only thing `NDArray` describes	799	4010ebd53016195aead8536eec3fc919a6ffc2015be4f2621f62e206751ce153	4010ebd53016195aead8536eec3fc919a6ffc2015be4f2621f62e206751ce153	unchanged
guides/part-09-coreai-compression-numerics/references/03-numeric-formats-across-the-stack.md	### 3.4 Where each `coreai-opt` dtype lands in the store set	842	7437f24303d56ffb45dfab1f3cad4acaa1d271a528a3e8d4fb63c02aeb512d9c	7437f24303d56ffb45dfab1f3cad4acaa1d271a528a3e8d4fb63c02aeb512d9c	unchanged
guides/part-09-coreai-compression-numerics/references/03-numeric-formats-across-the-stack.md	### 3.5 ⚠️ 64-bit types are narrowed on the way in	888	6f165ca9428251ebe42a343230ea72af45a3e908be9e692df1cb7e4dad8def42	6f165ca9428251ebe42a343230ea72af45a3e908be9e692df1cb7e4dad8def42	unchanged
guides/part-09-coreai-compression-numerics/references/03-numeric-formats-across-the-stack.md	## 4. The Neural Engine: the narrowest compute set	915	d2f41d38051fe1d34d97299e99a5d373264474bd621c8adb93678f80ec13c69c	d2f41d38051fe1d34d97299e99a5d373264474bd621c8adb93678f80ec13c69c	unchanged
guides/part-09-coreai-compression-numerics/references/03-numeric-formats-across-the-stack.md	### 4.1 Three dtypes	917	5ebd85c614c54f65572011d46acdeefa798b374265f668c4ed6d28f52a0f5997	5ebd85c614c54f65572011d46acdeefa798b374265f668c4ed6d28f52a0f5997	unchanged
guides/part-09-coreai-compression-numerics/references/03-numeric-formats-across-the-stack.md	### 4.2 ⚠️ SILENT FAILURE — a bare Python float literal can move an op to the GPU	966	b5f928d8c66d1a5ddc7d1acb28126ca5bc411f74abde59ea8e0cd4856e5d6a47	b5f928d8c66d1a5ddc7d1acb28126ca5bc411f74abde59ea8e0cd4856e5d6a47	unchanged
guides/part-09-coreai-compression-numerics/references/03-numeric-formats-across-the-stack.md	### 4.3 The structural constraints that are not about dtype but behave like it	1027	5952009025967f4b0cb16a665f41fae1a4ee771c2bad72fa84becd2e1b4ce543	5952009025967f4b0cb16a665f41fae1a4ee771c2bad72fa84becd2e1b4ce543	unchanged
guides/part-09-coreai-compression-numerics/references/03-numeric-formats-across-the-stack.md	### 4.4 ⚠️ Recognized functions select the sample loader’s ANE preference	1048	ce6a9c88082eab9138cf29d0cb49e2601ecdcf0b7ad0ab1efa3584db7bc79e4f	ce6a9c88082eab9138cf29d0cb49e2601ecdcf0b7ad0ab1efa3584db7bc79e4f	unchanged
guides/part-09-coreai-compression-numerics/references/03-numeric-formats-across-the-stack.md	### 4.5 The iOS/ANE export recipe, as Apple ships it	1079	cc439297fe4b3575bedc31f501e6b6ea583429515f01a1d4aad1f56b24276dd0	cc439297fe4b3575bedc31f501e6b6ea583429515f01a1d4aad1f56b24276dd0	unchanged
guides/part-09-coreai-compression-numerics/references/03-numeric-formats-across-the-stack.md	## 5. Metal and MPP TensorOps: the GPU compute set	1131	f2fe66518821ad700fe8968a45a4d0bbb41091534541071f96116acb1d941484	f2fe66518821ad700fe8968a45a4d0bbb41091534541071f96116acb1d941484	unchanged
guides/part-09-coreai-compression-numerics/references/03-numeric-formats-across-the-stack.md	### 5.1 The 26.x baseline and the Xcode 27 extension	1133	88e64b7f967b2a9d9e89fd55dbabb20350ab23ab03f2df4ec1c1b7d8603605fe	88e64b7f967b2a9d9e89fd55dbabb20350ab23ab03f2df4ec1c1b7d8603605fe	unchanged
guides/part-09-coreai-compression-numerics/references/03-numeric-formats-across-the-stack.md	### 5.2 The Metal-language types, and the int16 oddity	1205	f8d1f5e4f325d567978ccfe234863f76ac82acb5e4c912e02bf383462ae506a9	f8d1f5e4f325d567978ccfe234863f76ac82acb5e4c912e02bf383462ae506a9	unchanged
guides/part-09-coreai-compression-numerics/references/03-numeric-formats-across-the-stack.md	### 5.3 The 4-bit operand rows, verbatim — and the two structural facts they encode	1259	99e5d08218c57e231b3108de679f2bceec7c803bbfdd9470de08b4ba1fa072ce	99e5d08218c57e231b3108de679f2bceec7c803bbfdd9470de08b4ba1fa072ce	unchanged
guides/part-09-coreai-compression-numerics/references/03-numeric-formats-across-the-stack.md	### 5.4 The version ladder — and why two different numbers are both right	1304	14b98baad433fe0a4a14600613ca9a7bd5771a2f13dddb555d82237e9a3cddb2	14b98baad433fe0a4a14600613ca9a7bd5771a2f13dddb555d82237e9a3cddb2	unchanged
guides/part-09-coreai-compression-numerics/references/03-numeric-formats-across-the-stack.md	### 5.5 ✅ Xcode 27 auxiliary scale planes and automatic dequantization	1357	490f2c5d51810a19e7d97cda869db607120e0ea9a59cde9ec744954e75f95513	490f2c5d51810a19e7d97cda869db607120e0ea9a59cde9ec744954e75f95513	unchanged
guides/part-09-coreai-compression-numerics/references/03-numeric-formats-across-the-stack.md	### 5.6 TensorOps is portable, not M5-only — and there is no capability query	1388	f697388fa4d86f11041726b976569133fdbb9beaad494b94f636e3d0a50ad511	f697388fa4d86f11041726b976569133fdbb9beaad494b94f636e3d0a50ad511	unchanged
guides/part-09-coreai-compression-numerics/references/03-numeric-formats-across-the-stack.md	### 5.7 The GPU compute set, summarised	1434	c976a4ee6fa49e2b87900808f82b703f75b11a8e2825f2526ac66d466a4a0969	c976a4ee6fa49e2b87900808f82b703f75b11a8e2825f2526ac66d466a4a0969	unchanged
guides/part-09-coreai-compression-numerics/references/03-numeric-formats-across-the-stack.md	## 6. MLX: the widest menu, implemented in software	1450	1eb669a5aa3148e67fafd94380eadb2615e12579b65aa3a5f76d4ddee6302146	1eb669a5aa3148e67fafd94380eadb2615e12579b65aa3a5f76d4ddee6302146	unchanged
guides/part-09-coreai-compression-numerics/references/03-numeric-formats-across-the-stack.md	### 6.1 The modes table, verbatim	1458	2c377287f5b4b9026b091c9f1a4ca812ef2b9fe153a42b2613758857a44016a7	2c377287f5b4b9026b091c9f1a4ca812ef2b9fe153a42b2613758857a44016a7	unchanged
guides/part-09-coreai-compression-numerics/references/03-numeric-formats-across-the-stack.md	### 6.2 The affine formula and the packing convention	1505	c9b1acead6ba0ece40a630f6129d09325a591a5990a7f2364b35c670564353a1	c9b1acead6ba0ece40a630f6129d09325a591a5990a7f2364b35c670564353a1	unchanged
guides/part-09-coreai-compression-numerics/references/03-numeric-formats-across-the-stack.md	### 6.3 Python signatures	1532	67a04bea81145fd7207bc2b12dc3285f1aa3b4b451c1354cbe2c3415d8630428	67a04bea81145fd7207bc2b12dc3285f1aa3b4b451c1354cbe2c3415d8630428	unchanged
guides/part-09-coreai-compression-numerics/references/03-numeric-formats-across-the-stack.md	### 6.4 ⚠️ MLX uses its own FP4/FP8 structs even though OS 27 has Metal types	1584	df74d7da4effb98903c46bc4e6c56b28a5bc61a816d08f1860379b4c503ad188	df74d7da4effb98903c46bc4e6c56b28a5bc61a816d08f1860379b4c503ad188	unchanged
guides/part-09-coreai-compression-numerics/references/03-numeric-formats-across-the-stack.md	### 6.5 The four gates on MLX's accelerated quantized path	1726	f457958cffd8f8d8b4197b37ff287c31255971f16e69e3202a6c91b0cafbba73	f457958cffd8f8d8b4197b37ff287c31255971f16e69e3202a6c91b0cafbba73	unchanged
guides/part-09-coreai-compression-numerics/references/03-numeric-formats-across-the-stack.md	### 6.6 What `mlx_lm` layers on top	1790	cc2b96fc8dba3a7de38c4270c10a078205be1568dec9f15bbb31c5f393ef0582	cc2b96fc8dba3a7de38c4270c10a078205be1568dec9f15bbb31c5f393ef0582	unchanged
guides/part-09-coreai-compression-numerics/references/03-numeric-formats-across-the-stack.md	## 7. The crossings that silently degrade	1821	9368c785c761a250725dce0ad64174855fb402cc96fe7e7c3e3cb39d9ef4db4c	9368c785c761a250725dce0ad64174855fb402cc96fe7e7c3e3cb39d9ef4db4c	unchanged
guides/part-09-coreai-compression-numerics/references/03-numeric-formats-across-the-stack.md	### 7.1 The lookup table	1826	5118d5a9be579a8890472fb16847f6fd3ba9995351df41f93b109af3122111c1	5118d5a9be579a8890472fb16847f6fd3ba9995351df41f93b109af3122111c1	unchanged
guides/part-09-coreai-compression-numerics/references/03-numeric-formats-across-the-stack.md	### 7.2 Why none of these throw	1868	faa26972c298ffab030cd261c475aed09622df36660b68a9a702d2f078f02314	faa26972c298ffab030cd261c475aed09622df36660b68a9a702d2f078f02314	unchanged
guides/part-09-coreai-compression-numerics/references/03-numeric-formats-across-the-stack.md	## 8. How to check what you actually got	1900	a24bda6480b06b19c7c245f89778681c4aa0f3f8a0189ef64f8d98d0841f384b	a24bda6480b06b19c7c245f89778681c4aa0f3f8a0189ef64f8d98d0841f384b	unchanged
guides/part-09-coreai-compression-numerics/references/03-numeric-formats-across-the-stack.md	### 8.1 The Xcode model viewer — compute types vs storage types	1904	7608a422fa21e387e3544bf1f854e7d46cb89fe3f3e1088b152b6c6ab90d9f3c	7608a422fa21e387e3544bf1f854e7d46cb89fe3f3e1088b152b6c6ab90d9f3c	unchanged
guides/part-09-coreai-compression-numerics/references/03-numeric-formats-across-the-stack.md	### 8.2 `AIModelAsset.Summary` — the same data, programmatically	1945	ef7ec1405101a8131372fbf4f205d540a2090a7b92a8e5ad16b8295d97a0bcd0	ef7ec1405101a8131372fbf4f205d540a2090a7b92a8e5ad16b8295d97a0bcd0	unchanged
guides/part-09-coreai-compression-numerics/references/03-numeric-formats-across-the-stack.md	### 8.3 Instruments — the residency check	2054	5e9a98c5329eb3ebad952437857721005009b38687b03cdb6ca359488570b538	5e9a98c5329eb3ebad952437857721005009b38687b03cdb6ca359488570b538	unchanged
guides/part-09-coreai-compression-numerics/references/03-numeric-formats-across-the-stack.md	### 8.4 Metal System Trace — the neural-accelerator utilisation counter	2124	87f9513fa5c17e98556034f243c7083a24516bb78f6eddae1edb5483b0952c4b	87f9513fa5c17e98556034f243c7083a24516bb78f6eddae1edb5483b0952c4b	unchanged
guides/part-09-coreai-compression-numerics/references/03-numeric-formats-across-the-stack.md	### 8.5 The cheap checks	2146	b89219b0c2adb7135de6cc5ca7b6c78a3677b96377191f26c547af393e54926e	b89219b0c2adb7135de6cc5ca7b6c78a3677b96377191f26c547af393e54926e	unchanged
guides/part-09-coreai-compression-numerics/references/03-numeric-formats-across-the-stack.md	## 9. Decision tables by target	2182	8d90fea7dca3be2c9040ffc36e9dcfb48de434e0f1483adbd35c0ac60e40f649	8d90fea7dca3be2c9040ffc36e9dcfb48de434e0f1483adbd35c0ac60e40f649	unchanged
guides/part-09-coreai-compression-numerics/references/03-numeric-formats-across-the-stack.md	### 9.1 Pick a format by where you want it to run	2184	dc4484bb2db124c87ec2b594baee415fc04fe6bd23101f4eca74b1036ed5db79	dc4484bb2db124c87ec2b594baee415fc04fe6bd23101f4eca74b1036ed5db79	unchanged
guides/part-09-coreai-compression-numerics/references/03-numeric-formats-across-the-stack.md	### 9.2 Pick a compression *technique* by what you are compressing	2198	bf3e8301c9d23932124ad12b037247d665a4170f1551ebad508376b052b8db54	bf3e8301c9d23932124ad12b037247d665a4170f1551ebad508376b052b8db54	unchanged
guides/part-09-coreai-compression-numerics/references/03-numeric-formats-across-the-stack.md	### 9.3 The LM head and the embedding are their own decision	2210	c9de47580f401151823f699827ed582f6b53aea692189ffc25a1984f8ebc94e2	c9de47580f401151823f699827ed582f6b53aea692189ffc25a1984f8ebc94e2	unchanged
guides/part-09-coreai-compression-numerics/references/03-numeric-formats-across-the-stack.md	### 9.4 Ahead-of-time compilation does not change the format question	2233	4b0d44b1ffde5204ffe9a14bd785691e6c0facc55c8e1efc017e2359c8366aed	4b0d44b1ffde5204ffe9a14bd785691e6c0facc55c8e1efc017e2359c8366aed	unchanged
guides/part-09-coreai-compression-numerics/references/03-numeric-formats-across-the-stack.md	## 10. ⚠️ Silent failures, consolidated	2262	e2b1a6f63e3df2174f4837e8785837d1e7c2f93ad03351d360e515369c780ad2	e2b1a6f63e3df2174f4837e8785837d1e7c2f93ad03351d360e515369c780ad2	unchanged
guides/part-09-coreai-compression-numerics/references/03-numeric-formats-across-the-stack.md	## 11. Numbers, attributed	2300	b52c65922f7ad95c6384f2e1aea65d3a9e8b2b3c855f450930f981d3b97b564d	b52c65922f7ad95c6384f2e1aea65d3a9e8b2b3c855f450930f981d3b97b564d	unchanged
guides/part-09-coreai-compression-numerics/references/03-numeric-formats-across-the-stack.md	### 11.1 Apple-published	2305	9115f97f8c932c680cce7997cb51c590099e7b185aa8bea18dd81bc0f76651cc	9115f97f8c932c680cce7997cb51c590099e7b185aa8bea18dd81bc0f76651cc	unchanged
guides/part-09-coreai-compression-numerics/references/03-numeric-formats-across-the-stack.md	### 11.2 Community-measured — attribute, do not launder	2331	8876b610c4969e1e838762a021621beff3ec53f9394039bb4f5db578119126b3	8876b610c4969e1e838762a021621beff3ec53f9394039bb4f5db578119126b3	unchanged
guides/part-09-coreai-compression-numerics/references/03-numeric-formats-across-the-stack.md	### 11.3 Explicitly not measured here	2364	2ebd90d74269a3556c4b24009e2ed81873ba9b32b11bb315eef30e47351b9f6f	2ebd90d74269a3556c4b24009e2ed81873ba9b32b11bb315eef30e47351b9f6f	unchanged
guides/part-09-coreai-compression-numerics/references/03-numeric-formats-across-the-stack.md	## 12. Quick reference	2376	3d0038586be01ee106861d8890f95011de38b4b2c13039d36f4224664c99ab1e	3d0038586be01ee106861d8890f95011de38b4b2c13039d36f4224664c99ab1e	unchanged
guides/part-09-coreai-compression-numerics/references/03-numeric-formats-across-the-stack.md	### 12.1 The one-page answer	2378	86000b0aab3519d3304a69157a6890db155a7da035b83fe4ff643e07eeb67690	86000b0aab3519d3304a69157a6890db155a7da035b83fe4ff643e07eeb67690	unchanged
guides/part-09-coreai-compression-numerics/references/03-numeric-formats-across-the-stack.md	### 12.2 Verify-before-you-ship checklist	2413	e922302b35869696bbb2836cca5b00dbe94bc2c88b6e7519d766d08e9dea8725	e922302b35869696bbb2836cca5b00dbe94bc2c88b6e7519d766d08e9dea8725	unchanged
guides/part-09-coreai-compression-numerics/references/03-numeric-formats-across-the-stack.md	### 12.3 Symbols named in this guide, with their homes	2435	0be7113e4115a90bed28e2637ff3e489edd9f61a68c8ac910917a56a60db4192	0be7113e4115a90bed28e2637ff3e489edd9f61a68c8ac910917a56a60db4192	unchanged
guides/part-09-coreai-compression-numerics/references/03-numeric-formats-across-the-stack.md	## 13. Sources and evidence ledger	2466	e11bc3ed313f777a5dec8d8d2703ce28162981712299e6d97e8836834176ef59	e11bc3ed313f777a5dec8d8d2703ce28162981712299e6d97e8836834176ef59	unchanged
guides/part-09-coreai-compression-numerics/references/03-numeric-formats-across-the-stack.md	### 13.1 Primary sources, ranked	2468	41835ec85f7f8ed56ab08cbf3cd7872f6a987cb753cddb721ffeb69fe5e2793c	41835ec85f7f8ed56ab08cbf3cd7872f6a987cb753cddb721ffeb69fe5e2793c	unchanged
guides/part-09-coreai-compression-numerics/references/03-numeric-formats-across-the-stack.md	### 13.2 Where sources disagree, and who wins	2512	7f42d7722f123a459941c5e7a2e736664c41693057afcc6f297d0df44ba13f18	7f42d7722f123a459941c5e7a2e736664c41693057afcc6f297d0df44ba13f18	unchanged
guides/part-09-coreai-compression-numerics/references/03-numeric-formats-across-the-stack.md	### 13.3 Open gaps declared in this guide	2524	4359f3c24c84af3f32643a49a492729c0361b080d8e068821cce205f6a8e1c35	4359f3c24c84af3f32643a49a492729c0361b080d8e068821cce205f6a8e1c35	unchanged
guides/part-09-coreai-compression-numerics/references/03-numeric-formats-across-the-stack.md	### 13.4 Related guides	2542	2f80c3e250265744cab4c34a654e10e245d6e4be9ab630bbc204d14b742c26af	2f80c3e250265744cab4c34a654e10e245d6e4be9ab630bbc204d14b742c26af	unchanged
